Workbook
Name anchor_tgt_columns_def: 'Source columns'!#REF!
Name anchor_tgt_columns_fk: 'Source columns'!$H$1
Name anchor_tgt_columns_note: 'Source columns'!$I$1
Name anchor_tgt_columns_null: 'Source columns'!$E$1
Name anchor_tgt_columns_pk: 'Source columns'!$G$1
Name anchor_tgt_columns_po: 'Source columns'!$F$1
Name anchor_tgt_columns_type: 'Source columns'!$D$1
Name lst_tgt_columns: 'Source columns'!$A:$I
Name anchor_tgt_tables_ntab: 'Target tables'!$E$1
Name anchor_tgt_tables_sa: 'Target tables'!$D$1
Name lst_tgt_tables: 'Target tables'!$A:$E
Name anchor_tgt_columns_def: 'Target columns'!$I$1
Name anchor_tgt_columns_fk: 'Target columns'!$H$1
Name anchor_tgt_columns_note: 'Target columns'!$J$1
Name anchor_tgt_columns_null: 'Target columns'!$E$1
Name anchor_tgt_columns_pk: 'Target columns'!$G$1
Name anchor_tgt_columns_po: 'Target columns'!$F$1
Name anchor_tgt_columns_type: 'Target columns'!$D$1
Name lst_tgt_columns: 'Target columns'!$A:$J
Name anchor_src_columns_note: #REF!
Name anchor_src_columns_null: #REF!
Name anchor_src_columns_pk: #REF!
Name anchor_src_columns_type: #REF!
Name anchor_tgt_columns_def: #REF!
Name anchor_tgt_columns_fk: #REF!
Name anchor_tgt_columns_note: #REF!
Name anchor_tgt_columns_null: #REF!
Name anchor_tgt_columns_pk: #REF!
Name anchor_tgt_columns_po: #REF!
Name anchor_tgt_columns_type: #REF!
Name anchor_tgt_tables_ntab: #REF!
Name anchor_tgt_tables_sa: #REF!
Name lst_src_columns: #REF!
Name lst_tgt_columns: #REF!
Name lst_tgt_tables: #REF!
Name anchor_src_columns_note: #REF!
Name anchor_src_columns_null: #REF!
Name anchor_src_columns_pk: #REF!
Name anchor_src_columns_type: #REF!
Name anchor_tgt_columns_def: #REF!
Name anchor_tgt_columns_fk: #REF!
Name anchor_tgt_columns_note: #REF!
Name anchor_tgt_columns_null: #REF!
Name anchor_tgt_columns_pk: #REF!
Name anchor_tgt_columns_po: #REF!
Name anchor_tgt_columns_type: #REF!
Name anchor_tgt_tables_ntab: #REF!
Name anchor_tgt_tables_sa: #REF!
Name d: '[1]Target columns'!$D$1
Name first_value: Глоссарий!$I$1:$I$3
Name lst_src_columns: #REF!
Name lst_tgt_columns: #REF!
Name lst_tgt_tables: #REF!
Name sff: '[1]Target columns'!$H$1

Sheet Список изменений
A1: Версия | B1: Дата | C1: Измененный объект | D1: Изменение | E1: Автор | F1: Комментарий

Sheet S2T
A2: № ПП | B2: Предметная область | C2: Описание целевой таблицы | D2: Таблица-приемник | E2: Тип данных поля приемника | F2: Первичный ключ? | G2: Внешний ключ? | H2: NULL? | I2: Описание поля приемника | J2: Поле приемника | K2: Таблица-источник | L2: Тип данных поля источника | M2: Описание поля источника | N2: Поле источника | O2: Трансформация поля источника | P2: Трансформации табличного уровня (SQL, пояснения) | Q2: Название N-таблицы | R2: Роль в истории | S2: СОД | T2: Кто менял | U2: Дата | V2: Комментарии
A3: 10 | D3: t_agr_rko | E3: =IFERROR(VLOOKUP($D3&$J3, target_columns[], 4, 0),"") -> date | F3: =IFERROR(VLOOKUP($D3&$J3, target_columns[], 7, 0),"") -> No | G3: =IFERROR(VLOOKUP($D3&$J3, target_columns[], 8, 0),"") -> No | H3: =IFERROR(VLOOKUP($D3&$J3, target_columns[], 5, 0),"") -> NULL | I3: =IFERROR(VLOOKUP($D3&$J3, target_columns[], 10, 0),"") -> Дата открытия | J3: open_dt | K3: b3060000410004_product | L3: =IFERROR(VLOOKUP(UPPER(K3&N3), source_columns[], 4,0),"") | M3: =IFERROR(VLOOKUP(UPPER(K3&N3), source_columns[], 7,0),"") | N3: begindate | Q3: ="n306000041_"&IFERROR(VLOOKUP(D3,target_tables[],5,0),"<not found>") -> n306000041_agr_rko | R3: - | S3: Снимок-снимок | T3: Сорокин М. Б. | U3: 45370
A4: 20 | D4: t_agr_rko | E4: =IFERROR(VLOOKUP($D4&$J4,target_columns[],4,0),"") -> date | F4: =IFERROR(VLOOKUP($D4&$J4,target_columns[],7,0),"") -> No | G4: =IFERROR(VLOOKUP($D4&$J4,target_columns[],8,0),"") -> No | H4: =IFERROR(VLOOKUP($D4&$J4,target_columns[],5,0),"") -> NULL | I4: =IFERROR(VLOOKUP($D4&$J4,target_columns[],10,0),"") -> Дата закрытия | J4: close_dt | K4: b3060000410004_product | L4: =IFERROR(VLOOKUP(UPPER(K4&N4),source_columns[],4,0),"") | M4: =IFERROR(VLOOKUP(UPPER(K4&N4),source_columns[],7,0),"") | N4: closedate | Q4: ="n306000041_"&IFERROR(VLOOKUP(D4,target_tables[],5,0),"<not found>") -> n306000041_agr_rko | R4: - | T4: Сорокин М. Б. | U4: 45370
A5: 30 | D5: t_agr_rko | E5: =IFERROR(VLOOKUP($D5&$J5,target_columns[],4,0),"") -> text | F5: =IFERROR(VLOOKUP($D5&$J5,target_columns[],7,0),"") -> No | G5: =IFERROR(VLOOKUP($D5&$J5,target_columns[],8,0),"") -> No | H5: =IFERROR(VLOOKUP($D5&$J5,target_columns[],5,0),"") -> NULL | I5: =IFERROR(VLOOKUP($D5&$J5,target_columns[],10,0),"") -> Номер договора | J5: agr_rko_num | K5: b3060000410004_product | L5: =IFERROR(VLOOKUP(UPPER(K5&N5),source_columns[],4,0),"") | M5: =IFERROR(VLOOKUP(UPPER(K5&N5),source_columns[],7,0),"") | N5: num | Q5: ="n306000041_"&IFERROR(VLOOKUP(D5,target_tables[],5,0),"<not found>") -> n306000041_agr_rko | R5: - | T5: Сорокин М. Б. | U5: 45370
A6: 40 | D6: t_agr_rko | E6: =IFERROR(VLOOKUP($D6&$J6,target_columns[],4,0),"") -> bigint | F6: =IFERROR(VLOOKUP($D6&$J6,target_columns[],7,0),"") -> No | G6: =IFERROR(VLOOKUP($D6&$J6,target_columns[],8,0),"") -> No | H6: =IFERROR(VLOOKUP($D6&$J6,target_columns[],5,0),"") -> NULL | I6: =IFERROR(VLOOKUP($D6&$J6,target_columns[],10,0),"") -> Уникальный идентификатор договора в системе-источнике | J6: host_agr_rko_id | K6: b3060000410004_product | L6: =IFERROR(VLOOKUP(UPPER(K6&N6),source_columns[],4,0),"") | M6: =IFERROR(VLOOKUP(UPPER(K6&N6),source_columns[],7,0),"") | N6: objectid | Q6: ="n306000041_"&IFERROR(VLOOKUP(D6,target_tables[],5,0),"<not found>") -> n306000041_agr_rko | R6: - | T6: Сорокин М. Б. | U6: 45370
A7: 50 | D7: t_agr_rko | E7: =IFERROR(VLOOKUP($D7&$J7,target_columns[],4,0),"") -> uuid | F7: =IFERROR(VLOOKUP($D7&$J7,target_columns[],7,0),"") -> No | G7: =IFERROR(VLOOKUP($D7&$J7,target_columns[],8,0),"") -> Yes | H7: =IFERROR(VLOOKUP($D7&$J7,target_columns[],5,0),"") -> NULL | I7: =IFERROR(VLOOKUP($D7&$J7,target_columns[],10,0),"") -> Валюта договора | J7: crncy_id | K7: b3060000410004_product | L7: =IFERROR(VLOOKUP(UPPER(K7&N7),source_columns[],4,0),"") | M7: =IFERROR(VLOOKUP(UPPER(K7&N7),source_columns[],7,0),"") | N7: currency_short_foreign_key_uid | Q7: ="n306000041_"&IFERROR(VLOOKUP(D7,target_tables[],5,0),"<not found>") -> n306000041_agr_rko | R7: - | T7: Сорокин М. Б. | U7: 45370
A8: 60 | D8: t_agr_rko | E8: =IFERROR(VLOOKUP($D8&$J8,target_columns[],4,0),"") -> uuid | F8: =IFERROR(VLOOKUP($D8&$J8,target_columns[],7,0),"") -> No | G8: =IFERROR(VLOOKUP($D8&$J8,target_columns[],8,0),"") -> Yes | H8: =IFERROR(VLOOKUP($D8&$J8,target_columns[],5,0),"") -> NULL | I8: =IFERROR(VLOOKUP($D8&$J8,target_columns[],10,0),"") -> Целевое назначение договора (счета) | J8: rko_purpose_type_id | K8: b3060000410004_product | L8: =IFERROR(VLOOKUP(UPPER(K8&N8),source_columns[],4,0),"") | M8: =IFERROR(VLOOKUP(UPPER(K8&N8),source_columns[],7,0),"") | N8: Target_short_foreign_key_uid | Q8: ="n306000041_"&IFERROR(VLOOKUP(D8,target_tables[],5,0),"<not found>") -> n306000041_agr_rko | R8: - | T8: Сорокин М. Б. | U8: 45370
A9: 70 | D9: t_agr_rko | E9: =IFERROR(VLOOKUP($D9&$J9,target_columns[],4,0),"") -> uuid | F9: =IFERROR(VLOOKUP($D9&$J9,target_columns[],7,0),"") -> Yes | G9: =IFERROR(VLOOKUP($D9&$J9,target_columns[],8,0),"") -> No | H9: =IFERROR(VLOOKUP($D9&$J9,target_columns[],5,0),"") -> NOT NULL | I9: =IFERROR(VLOOKUP($D9&$J9,target_columns[],10,0),"") -> Уникальный идентификатор договора | J9: agr_rko_id | K9: b3060000410004_product | L9: =IFERROR(VLOOKUP(UPPER(K9&N9),source_columns[],4,0),"") | M9: =IFERROR(VLOOKUP(UPPER(K9&N9),source_columns[],7,0),"") | N9: ObjectID_uid | Q9: ="n306000041_"&IFERROR(VLOOKUP(D9,target_tables[],5,0),"<not found>") -> n306000041_agr_rko | R9: Ключ | T9: Сорокин М. Б. | U9: 45370
A10: 100 | D10: t_agr_rko_cust | E10: =IFERROR(VLOOKUP($D10&$J10, target_columns[], 4, 0),"") -> uuid | F10: =IFERROR(VLOOKUP($D10&$J10, target_columns[], 7, 0),"") -> Yes | G10: =IFERROR(VLOOKUP($D10&$J10, target_columns[], 8, 0),"") -> Yes | H10: =IFERROR(VLOOKUP($D10&$J10, target_columns[], 5, 0),"") -> NOT NULL | I10: =IFERROR(VLOOKUP($D10&$J10, target_columns[], 10, 0),"") -> Уникальный идентификатор договора | J10: agr_rko_id | K10: b3060000410004_product | L10: =IFERROR(VLOOKUP(UPPER(K10&N10), source_columns[], 4,0),"") | M10: =IFERROR(VLOOKUP(UPPER(K10&N10), source_columns[], 7,0),"") | N10: ObjectID_uid | Q10: ="n306000041_"&IFERROR(VLOOKUP(D10,target_tables[],5,0),"<not found>") -> n306000041_agr_rko_cust | R10: Ключ | S10: Снимок-история | T10: Сорокин М. Б. | U10: 45370
A11: 110 | D11: t_agr_rko_cust | E11: =IFERROR(VLOOKUP($D11&$J11,target_columns[],4,0),"") -> date | F11: =IFERROR(VLOOKUP($D11&$J11,target_columns[],7,0),"") -> Yes | G11: =IFERROR(VLOOKUP($D11&$J11,target_columns[],8,0),"") -> No | H11: =IFERROR(VLOOKUP($D11&$J11,target_columns[],5,0),"") -> NULL | I11: =IFERROR(VLOOKUP($D11&$J11,target_columns[],10,0),"") -> Дата начала действия связи | J11: start_dt | K11: ETL | L11: =IFERROR(VLOOKUP(UPPER(K11&N11),source_columns[],4,0),"") | M11: =IFERROR(VLOOKUP(UPPER(K11&N11),source_columns[],7,0),"") | N11: ctl_validfrom | O11: Заполняется в соответствии с СОД Снимок-История. Первая запись в истории должна иметь значение MinDate | Q11: ="n306000041_"&IFERROR(VLOOKUP(D11,target_tables[],5,0),"<not found>") -> n306000041_agr_rko_cust | R11: Начало | T11: Сорокин М. Б. | U11: 45370
A12: 120 | D12: t_agr_rko_cust | E12: =IFERROR(VLOOKUP($D12&$J12,target_columns[],4,0),"") -> date | F12: =IFERROR(VLOOKUP($D12&$J12,target_columns[],7,0),"") -> No | G12: =IFERROR(VLOOKUP($D12&$J12,target_columns[],8,0),"") -> No | H12: =IFERROR(VLOOKUP($D12&$J12,target_columns[],5,0),"") -> NULL | I12: =IFERROR(VLOOKUP($D12&$J12,target_columns[],10,0),"") -> Дата окончания действия связи | J12: end_dt | K12: ETL | L12: =IFERROR(VLOOKUP(UPPER(K12&N12),source_columns[],4,0),"") | M12: =IFERROR(VLOOKUP(UPPER(K12&N12),source_columns[],7,0),"") | N12: ETL | O12: Заполняется в соответствии с СОД Снимок-История | Q12: ="n306000041_"&IFERROR(VLOOKUP(D12,target_tables[],5,0),"<not found>") -> n306000041_agr_rko_cust | R12: Конец | T12: Сорокин М. Б. | U12: 45370
A13: 130 | D13: t_agr_rko_cust | E13: =IFERROR(VLOOKUP($D13&$J13,target_columns[],4,0),"") -> uuid | F13: =IFERROR(VLOOKUP($D13&$J13,target_columns[],7,0),"") -> No | G13: =IFERROR(VLOOKUP($D13&$J13,target_columns[],8,0),"") -> Yes | H13: =IFERROR(VLOOKUP($D13&$J13,target_columns[],5,0),"") -> NULL | I13: =IFERROR(VLOOKUP($D13&$J13,target_columns[],10,0),"") -> Клиент по договору | J13: cust_id | K13: b3060000410004_product | L13: =IFERROR(VLOOKUP(UPPER(K13&N13),source_columns[],4,0),"") | M13: =IFERROR(VLOOKUP(UPPER(K13&N13),source_columns[],7,0),"") | N13: ownerEpkId_entityId_uid | Q13: ="n306000041_"&IFERROR(VLOOKUP(D13,target_tables[],5,0),"<not found>") -> n306000041_agr_rko_cust | R13: - | T13: Сорокин М. Б. | U13: 45370
A14: 180 | D14: t_agr_rko_int_org | E14: =IFERROR(VLOOKUP($D14&$J14,target_columns[],4,0),"") -> uuid | F14: =IFERROR(VLOOKUP($D14&$J14,target_columns[],7,0),"") -> Yes | G14: =IFERROR(VLOOKUP($D14&$J14,target_columns[],8,0),"") -> Yes | H14: =IFERROR(VLOOKUP($D14&$J14,target_columns[],5,0),"") -> NOT NULL | I14: =IFERROR(VLOOKUP($D14&$J14,target_columns[],10,0),"") -> Уникальный идентификатор договора | J14: agr_rko_id | K14: b3060000410004_product | L14: =IFERROR(VLOOKUP(UPPER(K14&N14),source_columns[],4,0),"") | M14: =IFERROR(VLOOKUP(UPPER(K14&N14),source_columns[],7,0),"") | N14: ObjectID_uid | Q14: ="n306000041_"&IFERROR(VLOOKUP(D14,target_tables[],5,0),"<not found>") -> n306000041_agr_rko_int_org | R14: Ключ | S14: Снимок-история | T14: Сорокин М. Б. | U14: 45370
A15: 190 | D15: t_agr_rko_int_org | E15: =IFERROR(VLOOKUP($D15&$J15,target_columns[],4,0),"") -> date | F15: =IFERROR(VLOOKUP($D15&$J15,target_columns[],7,0),"") -> Yes | G15: =IFERROR(VLOOKUP($D15&$J15,target_columns[],8,0),"") -> No | H15: =IFERROR(VLOOKUP($D15&$J15,target_columns[],5,0),"") -> NULL | I15: =IFERROR(VLOOKUP($D15&$J15,target_columns[],10,0),"") -> Дата начала действия связи | J15: start_dt | K15: ETL | L15: =IFERROR(VLOOKUP(UPPER(K15&N15),source_columns[],4,0),"") | M15: =IFERROR(VLOOKUP(UPPER(K15&N15),source_columns[],7,0),"") | N15: ctl_validfrom | O15: Заполняется в соответствии с СОД Снимок-История. Первая запись в истории должна иметь значение MinDate | Q15: ="n306000041_"&IFERROR(VLOOKUP(D15,target_tables[],5,0),"<not found>") -> n306000041_agr_rko_int_org | R15: Начало | T15: Сорокин М. Б. | U15: 45370
A16: 200 | D16: t_agr_rko_int_org | E16: =IFERROR(VLOOKUP($D16&$J16,target_columns[],4,0),"") -> date | F16: =IFERROR(VLOOKUP($D16&$J16,target_columns[],7,0),"") -> No | G16: =IFERROR(VLOOKUP($D16&$J16,target_columns[],8,0),"") -> No | H16: =IFERROR(VLOOKUP($D16&$J16,target_columns[],5,0),"") -> NULL | I16: =IFERROR(VLOOKUP($D16&$J16,target_columns[],10,0),"") -> Дата окончания действия связи | J16: end_dt | K16: ETL | L16: =IFERROR(VLOOKUP(UPPER(K16&N16),source_columns[],4,0),"") | M16: =IFERROR(VLOOKUP(UPPER(K16&N16),source_columns[],7,0),"") | N16: ETL | O16: Заполняется в соответствии с СОД Снимок-История | Q16: ="n306000041_"&IFERROR(VLOOKUP(D16,target_tables[],5,0),"<not found>") -> n306000041_agr_rko_int_org | R16: Конец | T16: Сорокин М. Б. | U16: 45370
A17: 210 | D17: t_agr_rko_int_org | E17: =IFERROR(VLOOKUP($D17&$J17,target_columns[],4,0),"") -> uuid | F17: =IFERROR(VLOOKUP($D17&$J17,target_columns[],7,0),"") -> No | G17: =IFERROR(VLOOKUP($D17&$J17,target_columns[],8,0),"") -> Yes | H17: =IFERROR(VLOOKUP($D17&$J17,target_columns[],5,0),"") -> NULL | I17: =IFERROR(VLOOKUP($D17&$J17,target_columns[],10,0),"") -> Подразделение сопровождения договора | J17: int_org_id | K17: b3060000410004_product | L17: =IFERROR(VLOOKUP(UPPER(K17&N17),source_columns[],4,0),"") | M17: =IFERROR(VLOOKUP(UPPER(K17&N17),source_columns[],7,0),"") | N17: divisionId_uid | Q17: ="n306000041_"&IFERROR(VLOOKUP(D17,target_tables[],5,0),"<not found>") -> n306000041_agr_rko_int_org | R17: - | T17: Сорокин М. Б. | U17: 45370
A18: 260 | D18: t_agr_rko_stts | E18: =IFERROR(VLOOKUP($D18&$J18,target_columns[],4,0),"") -> uuid | F18: =IFERROR(VLOOKUP($D18&$J18,target_columns[],7,0),"") -> Yes | G18: =IFERROR(VLOOKUP($D18&$J18,target_columns[],8,0),"") -> Yes | H18: =IFERROR(VLOOKUP($D18&$J18,target_columns[],5,0),"") -> NOT NULL | I18: =IFERROR(VLOOKUP($D18&$J18,target_columns[],10,0),"") -> Уникальный идентификатор договора | J18: agr_rko_id | K18: b3060000410004_product | L18: =IFERROR(VLOOKUP(UPPER(K18&N18),source_columns[],4,0),"") | M18: =IFERROR(VLOOKUP(UPPER(K18&N18),source_columns[],7,0),"") | N18: ObjectID_uid | Q18: ="n306000041_"&IFERROR(VLOOKUP(D18,target_tables[],5,0),"<not found>") -> n306000041_agr_rko_stts | R18: Ключ | S18: Снимок-история | T18: Сорокин М. Б. | U18: 45370
A19: 270 | D19: t_agr_rko_stts | E19: =IFERROR(VLOOKUP($D19&$J19,target_columns[],4,0),"") -> date | F19: =IFERROR(VLOOKUP($D19&$J19,target_columns[],7,0),"") -> Yes | G19: =IFERROR(VLOOKUP($D19&$J19,target_columns[],8,0),"") -> No | H19: =IFERROR(VLOOKUP($D19&$J19,target_columns[],5,0),"") -> NULL | I19: =IFERROR(VLOOKUP($D19&$J19,target_columns[],10,0),"") -> Дата начала действия связи | J19: start_dt | K19: ETL | L19: =IFERROR(VLOOKUP(UPPER(K19&N19),source_columns[],4,0),"") | M19: =IFERROR(VLOOKUP(UPPER(K19&N19),source_columns[],7,0),"") | N19: ctl_validfrom | O19: Заполняется в соответствии с СОД Снимок-История. Первая запись в истории должна иметь значение MinDate | Q19: ="n306000041_"&IFERROR(VLOOKUP(D19,target_tables[],5,0),"<not found>") -> n306000041_agr_rko_stts | R19: Начало | T19: Сорокин М. Б. | U19: 45370
A20: 280 | D20: t_agr_rko_stts | E20: =IFERROR(VLOOKUP($D20&$J20,target_columns[],4,0),"") -> date | F20: =IFERROR(VLOOKUP($D20&$J20,target_columns[],7,0),"") -> No | G20: =IFERROR(VLOOKUP($D20&$J20,target_columns[],8,0),"") -> No | H20: =IFERROR(VLOOKUP($D20&$J20,target_columns[],5,0),"") -> NULL | I20: =IFERROR(VLOOKUP($D20&$J20,target_columns[],10,0),"") -> Дата окончания действия связи | J20: end_dt | K20: ETL | L20: =IFERROR(VLOOKUP(UPPER(K20&N20),source_columns[],4,0),"") | M20: =IFERROR(VLOOKUP(UPPER(K20&N20),source_columns[],7,0),"") | N20: ETL | O20: Заполняется в соответствии с СОД Снимок-История | Q20: ="n306000041_"&IFERROR(VLOOKUP(D20,target_tables[],5,0),"<not found>") -> n306000041_agr_rko_stts | R20: Конец | T20: Сорокин М. Б. | U20: 45370
A21: 290 | D21: t_agr_rko_stts | E21: =IFERROR(VLOOKUP($D21&$J21,target_columns[],4,0),"") -> uuid | F21: =IFERROR(VLOOKUP($D21&$J21,target_columns[],7,0),"") -> No | G21: =IFERROR(VLOOKUP($D21&$J21,target_columns[],8,0),"") -> Yes | H21: =IFERROR(VLOOKUP($D21&$J21,target_columns[],5,0),"") -> NULL | I21: =IFERROR(VLOOKUP($D21&$J21,target_columns[],10,0),"") -> Статус договора | J21: agr_rko_stts_type_id | K21: b3060000410004_product | L21: =IFERROR(VLOOKUP(UPPER(K21&N21),source_columns[],4,0),"") | M21: =IFERROR(VLOOKUP(UPPER(K21&N21),source_columns[],7,0),"") | N21: statusCode_short_foreign_key_uid | Q21: ="n306000041_"&IFERROR(VLOOKUP(D21,target_tables[],5,0),"<not found>") -> n306000041_agr_rko_stts | R21: - | T21: Сорокин М. Б. | U21: 45370
A22: 300 | D22: t_registry | E22: =IFERROR(VLOOKUP($D22&$J22,target_columns[],4,0),"") -> uuid | F22: =IFERROR(VLOOKUP($D22&$J22,target_columns[],7,0),"") -> Yes | G22: =IFERROR(VLOOKUP($D22&$J22,target_columns[],8,0),"") -> No | H22: =IFERROR(VLOOKUP($D22&$J22,target_columns[],5,0),"") -> NOT NULL | I22: =IFERROR(VLOOKUP($D22&$J22,target_columns[],10,0),"") -> Уникальный идентификатор регистра | J22: registry_id | K22: b3060000410001_register | L22: =IFERROR(VLOOKUP(UPPER(K22&N22),source_columns[],4,0),"") | M22: =IFERROR(VLOOKUP(UPPER(K22&N22),source_columns[],7,0),"") | N22: Objectid_uid | Q22: ="n306000041_"&IFERROR(VLOOKUP(D22,target_tables[],5,0),"<not found>") -> n306000041_registry | R22: Ключ | S22: Снимок-снимок с накоплением | T22: Сорокин М. Б. | U22: 45370
A23: 310 | D23: t_registry | E23: =IFERROR(VLOOKUP($D23&$J23,target_columns[],4,0),"") -> date | F23: =IFERROR(VLOOKUP($D23&$J23,target_columns[],7,0),"") -> No | G23: =IFERROR(VLOOKUP($D23&$J23,target_columns[],8,0),"") -> No | H23: =IFERROR(VLOOKUP($D23&$J23,target_columns[],5,0),"") -> NULL | I23: =IFERROR(VLOOKUP($D23&$J23,target_columns[],10,0),"") -> Дата опердня, в которую был открыт регистр | J23: start_dt | K23: b3060000410001_register | L23: =IFERROR(VLOOKUP(UPPER(K23&N23),source_columns[],4,0),"") -> timestamp | M23: =IFERROR(VLOOKUP(UPPER(K23&N23),source_columns[],7,0),"") -> Дата открытия | N23: begindate | Q23: ="n306000041_"&IFERROR(VLOOKUP(D23,target_tables[],5,0),"<not found>") -> n306000041_registry | R23: - | T23: Сорокин М. Б. | U23: 45370
A24: 320 | D24: t_registry | E24: =IFERROR(VLOOKUP($D24&$J24,target_columns[],4,0),"") -> date | F24: =IFERROR(VLOOKUP($D24&$J24,target_columns[],7,0),"") -> No | G24: =IFERROR(VLOOKUP($D24&$J24,target_columns[],8,0),"") -> No | H24: =IFERROR(VLOOKUP($D24&$J24,target_columns[],5,0),"") -> NULL | I24: =IFERROR(VLOOKUP($D24&$J24,target_columns[],10,0),"") -> Дата опердня, в которую был закрыт регистр | J24: end_dt | K24: b3060000410001_register | L24: =IFERROR(VLOOKUP(UPPER(K24&N24),source_columns[],4,0),"") | M24: =IFERROR(VLOOKUP(UPPER(K24&N24),source_columns[],7,0),"") | N24: enddate | Q24: ="n306000041_"&IFERROR(VLOOKUP(D24,target_tables[],5,0),"<not found>") -> n306000041_registry | R24: - | T24: Сорокин М. Б. | U24: 45370
A25: 330 | D25: t_registry | E25: =IFERROR(VLOOKUP($D25&$J25,target_columns[],4,0),"") -> uuid | F25: =IFERROR(VLOOKUP($D25&$J25,target_columns[],7,0),"") -> No | G25: =IFERROR(VLOOKUP($D25&$J25,target_columns[],8,0),"") -> Yes | H25: =IFERROR(VLOOKUP($D25&$J25,target_columns[],5,0),"") -> NULL | I25: =IFERROR(VLOOKUP($D25&$J25,target_columns[],10,0),"") -> Договор | J25: agr_id | K25: b3060000410001_register | L25: =IFERROR(VLOOKUP(UPPER(K25&N25),source_columns[],4,0),"") | M25: =IFERROR(VLOOKUP(UPPER(K25&N25),source_columns[],7,0),"") | N25: product_short_foreign_key_uid | Q25: ="n306000041_"&IFERROR(VLOOKUP(D25,target_tables[],5,0),"<not found>") -> n306000041_registry | R25: - | T25: Сорокин М. Б. | U25: 45370
A26: 340 | D26: t_registry | E26: =IFERROR(VLOOKUP($D26&$J26,target_columns[],4,0),"") -> text | F26: =IFERROR(VLOOKUP($D26&$J26,target_columns[],7,0),"") -> No | G26: =IFERROR(VLOOKUP($D26&$J26,target_columns[],8,0),"") -> No | H26: =IFERROR(VLOOKUP($D26&$J26,target_columns[],5,0),"") -> NULL | I26: =IFERROR(VLOOKUP($D26&$J26,target_columns[],10,0),"") -> Лицевой счет | J26: coa_num | K26: b3060000410001_register | L26: =IFERROR(VLOOKUP(UPPER(K26&N26),source_columns[],4,0),"") -> text | M26: =IFERROR(VLOOKUP(UPPER(K26&N26),source_columns[],7,0),"") -> Номер счета | N26: number | Q26: ="n306000041_"&IFERROR(VLOOKUP(D26,target_tables[],5,0),"<not found>") -> n306000041_registry | R26: - | T26: Сорокин М. Б. | U26: 45370
A27: 350 | D27: t_registry | E27: =IFERROR(VLOOKUP($D27&$J27,target_columns[],4,0),"") -> uuid | F27: =IFERROR(VLOOKUP($D27&$J27,target_columns[],7,0),"") -> No | G27: =IFERROR(VLOOKUP($D27&$J27,target_columns[],8,0),"") -> No | H27: =IFERROR(VLOOKUP($D27&$J27,target_columns[],5,0),"") -> NULL | I27: =IFERROR(VLOOKUP($D27&$J27,target_columns[],10,0),"") -> Уникальный идентификатор валюты | J27: crncy_id | K27: b3060000410001_register | L27: =IFERROR(VLOOKUP(UPPER(K27&N27),source_columns[],4,0),"") | M27: =IFERROR(VLOOKUP(UPPER(K27&N27),source_columns[],7,0),"") | N27: currency_short_foreign_key_uid | Q27: ="n306000041_"&IFERROR(VLOOKUP(D27,target_tables[],5,0),"<not found>") -> n306000041_registry | R27: - | T27: Сорокин М. Б. | U27: 45370
A28: 360 | D28: t_registry | E28: =IFERROR(VLOOKUP($D28&$J28,target_columns[],4,0),"") -> bigint | F28: =IFERROR(VLOOKUP($D28&$J28,target_columns[],7,0),"") -> No | G28: =IFERROR(VLOOKUP($D28&$J28,target_columns[],8,0),"") -> No | H28: =IFERROR(VLOOKUP($D28&$J28,target_columns[],5,0),"") -> NULL | I28: =IFERROR(VLOOKUP($D28&$J28,target_columns[],10,0),"") -> Уникальный идентификатор регистра в источнике | J28: host_registry_id | K28: b3060000410001_register | L28: =IFERROR(VLOOKUP(UPPER(K28&N28),source_columns[],4,0),"") -> bigint | M28: =IFERROR(VLOOKUP(UPPER(K28&N28),source_columns[],7,0),"") -> Уникальный идентификатор | N28: objectID | Q28: ="n306000041_"&IFERROR(VLOOKUP(D28,target_tables[],5,0),"<not found>") -> n306000041_registry | R28: - | T28: Сорокин М. Б. | U28: 45370
A29: 370 | D29: t_registry | E29: =IFERROR(VLOOKUP($D29&$J29,target_columns[],4,0),"") -> uuid | F29: =IFERROR(VLOOKUP($D29&$J29,target_columns[],7,0),"") -> No | G29: =IFERROR(VLOOKUP($D29&$J29,target_columns[],8,0),"") -> Yes | H29: =IFERROR(VLOOKUP($D29&$J29,target_columns[],5,0),"") -> NULL | I29: =IFERROR(VLOOKUP($D29&$J29,target_columns[],10,0),"") -> Тип регистра | J29: registry_type_id | K29: b3060000410001_register | L29: =IFERROR(VLOOKUP(UPPER(K29&N29),source_columns[],4,0),"") | M29: =IFERROR(VLOOKUP(UPPER(K29&N29),source_columns[],7,0),"") | N29: registerType_short_foreign_key_uid | Q29: ="n306000041_"&IFERROR(VLOOKUP(D29,target_tables[],5,0),"<not found>") -> n306000041_registry | R29: - | T29: Сорокин М. Б. | U29: 45370
A30: 380 | D30: T_REGISTRY_STTS | E30: =IFERROR(VLOOKUP($D30&$J30,target_columns[],4,0),"") | F30: =IFERROR(VLOOKUP($D30&$J30,target_columns[],7,0),"") | G30: =IFERROR(VLOOKUP($D30&$J30,target_columns[],8,0),"") | H30: =IFERROR(VLOOKUP($D30&$J30,target_columns[],5,0),"") | I30: =IFERROR(VLOOKUP($D30&$J30,target_columns[],10,0),"") | J30: registry_id | K30: b3060000410001_register | L30: =IFERROR(VLOOKUP(UPPER(K30&N30),source_columns[],4,0),"") | M30: =IFERROR(VLOOKUP(UPPER(K30&N30),source_columns[],7,0),"") | N30: ObjectID_uid | Q30: ="n306000041_"&IFERROR(VLOOKUP(D30,target_tables[],5,0),"<not found>") -> n306000041_REGISTRY_STTS | R30: Ключ | S30: Снимок-история | T30: Сорокин М. Б. | U30: 45370
A31: 390 | D31: T_REGISTRY_STTS | E31: =IFERROR(VLOOKUP($D31&$J31,target_columns[],4,0),"") | F31: =IFERROR(VLOOKUP($D31&$J31,target_columns[],7,0),"") | G31: =IFERROR(VLOOKUP($D31&$J31,target_columns[],8,0),"") | H31: =IFERROR(VLOOKUP($D31&$J31,target_columns[],5,0),"") | I31: =IFERROR(VLOOKUP($D31&$J31,target_columns[],10,0),"") | J31: start_dt | K31: ETL | L31: =IFERROR(VLOOKUP(UPPER(K31&N31),source_columns[],4,0),"") | M31: =IFERROR(VLOOKUP(UPPER(K31&N31),source_columns[],7,0),"") | N31: ctl_validfrom | O31: Заполняется в соответствии с СОД Снимок-История. Первая запись в истории должна иметь значение MinDate | Q31: ="n306000041_"&IFERROR(VLOOKUP(D31,target_tables[],5,0),"<not found>") -> n306000041_REGISTRY_STTS | R31: Начало | T31: Сорокин М. Б. | U31: 45370
A32: 400 | D32: T_REGISTRY_STTS | E32: =IFERROR(VLOOKUP($D32&$J32,target_columns[],4,0),"") | F32: =IFERROR(VLOOKUP($D32&$J32,target_columns[],7,0),"") | G32: =IFERROR(VLOOKUP($D32&$J32,target_columns[],8,0),"") | H32: =IFERROR(VLOOKUP($D32&$J32,target_columns[],5,0),"") | I32: =IFERROR(VLOOKUP($D32&$J32,target_columns[],10,0),"") | J32: end_dt | K32: ETL | L32: =IFERROR(VLOOKUP(UPPER(K32&N32),source_columns[],4,0),"") | M32: =IFERROR(VLOOKUP(UPPER(K32&N32),source_columns[],7,0),"") | N32: ETL | O32: Заполняется в соответствии с СОД Снимок-История | Q32: ="n306000041_"&IFERROR(VLOOKUP(D32,target_tables[],5,0),"<not found>") -> n306000041_REGISTRY_STTS | R32: Конец | T32: Сорокин М. Б. | U32: 45370
A33: 410 | D33: T_REGISTRY_STTS | E33: =IFERROR(VLOOKUP($D33&$J33,target_columns[],4,0),"") -> UUID | F33: =IFERROR(VLOOKUP($D33&$J33,target_columns[],7,0),"") -> No | G33: =IFERROR(VLOOKUP($D33&$J33,target_columns[],8,0),"") -> Yes | H33: =IFERROR(VLOOKUP($D33&$J33,target_columns[],5,0),"") -> NULL | I33: =IFERROR(VLOOKUP($D33&$J33,target_columns[],10,0),"") -> Идентификатор типа статуса регистра | J33: REGISTRY_STTS_TYPE_ID | K33: b3060000410001_register | L33: =IFERROR(VLOOKUP(UPPER(K33&N33),source_columns[],4,0),"") | M33: =IFERROR(VLOOKUP(UPPER(K33&N33),source_columns[],7,0),"") | N33: status_short_foreign_key_uid | Q33: ="n306000041_"&IFERROR(VLOOKUP(D33,target_tables[],5,0),"<not found>") -> n306000041_REGISTRY_STTS | R33: - | T33: Сорокин М. Б. | U33: 45370
A34: 420 | D34: t_registry_type | E34: =IFERROR(VLOOKUP($D34&$J34,target_columns[],4,0),"") -> uuid | F34: =IFERROR(VLOOKUP($D34&$J34,target_columns[],7,0),"") -> Yes | G34: =IFERROR(VLOOKUP($D34&$J34,target_columns[],8,0),"") -> No | H34: =IFERROR(VLOOKUP($D34&$J34,target_columns[],5,0),"") -> NOT NULL | I34: =IFERROR(VLOOKUP($D34&$J34,target_columns[],10,0),"") -> Уникальный идентификатор типа регистра | J34: registry_type_id | K34: b3060000410006_registertype | L34: =IFERROR(VLOOKUP(UPPER(K34&N34),source_columns[],4,0),"") | M34: =IFERROR(VLOOKUP(UPPER(K34&N34),source_columns[],7,0),"") | N34: ObjectID_uid | Q34: ="n306000041_"&IFERROR(VLOOKUP(D34,target_tables[],5,0),"<not found>") -> n306000041_registry_type | R34: Ключ | S34: Снимок-снимок с накоплением | T34: Сорокин М. Б. | U34: 45370
A35: 430 | D35: t_registry_type | E35: =IFERROR(VLOOKUP($D35&$J35,target_columns[],4,0),"") -> text | F35: =IFERROR(VLOOKUP($D35&$J35,target_columns[],7,0),"") -> No | G35: =IFERROR(VLOOKUP($D35&$J35,target_columns[],8,0),"") -> No | H35: =IFERROR(VLOOKUP($D35&$J35,target_columns[],5,0),"") -> NULL | I35: =IFERROR(VLOOKUP($D35&$J35,target_columns[],10,0),"") -> Наименование типа регистра | J35: registry_type_name | K35: b3060000410006_registertype | L35: =IFERROR(VLOOKUP(UPPER(K35&N35),source_columns[],4,0),"") | M35: =IFERROR(VLOOKUP(UPPER(K35&N35),source_columns[],7,0),"") | N35: name | Q35: ="n306000041_"&IFERROR(VLOOKUP(D35,target_tables[],5,0),"<not found>") -> n306000041_registry_type | R35: - | T35: Сорокин М. Б. | U35: 45370
A36: 440 | D36: t_registry_type | E36: =IFERROR(VLOOKUP($D36&$J36,target_columns[],4,0),"") -> text | F36: =IFERROR(VLOOKUP($D36&$J36,target_columns[],7,0),"") -> No | G36: =IFERROR(VLOOKUP($D36&$J36,target_columns[],8,0),"") -> No | H36: =IFERROR(VLOOKUP($D36&$J36,target_columns[],5,0),"") -> NULL | I36: =IFERROR(VLOOKUP($D36&$J36,target_columns[],10,0),"") -> Код регистра | J36: registry_type_cd | K36: b3060000410006_registertype | L36: =IFERROR(VLOOKUP(UPPER(K36&N36),source_columns[],4,0),"") | M36: =IFERROR(VLOOKUP(UPPER(K36&N36),source_columns[],7,0),"") | N36: objectID | Q36: ="n306000041_"&IFERROR(VLOOKUP(D36,target_tables[],5,0),"<not found>") -> n306000041_registry_type | R36: - | T36: Сорокин М. Б. | U36: 45370
A37: 450 | D37: t_appl | E37: =IFERROR(VLOOKUP($D37&$J37,target_columns[],4,0),"") -> uuid | F37: =IFERROR(VLOOKUP($D37&$J37,target_columns[],7,0),"") -> Yes | G37: =IFERROR(VLOOKUP($D37&$J37,target_columns[],8,0),"") -> No | H37: =IFERROR(VLOOKUP($D37&$J37,target_columns[],5,0),"") -> NOT NULL | I37: =IFERROR(VLOOKUP($D37&$J37,target_columns[],10,0),"") -> Идентификатор заявки | J37: appl_id | K37: b3060000410002_createrkoext | L37: =IFERROR(VLOOKUP(UPPER(K37&N37),source_columns[],4,0),"") | M37: =IFERROR(VLOOKUP(UPPER(K37&N37),source_columns[],7,0),"") | N37: ObjectID_uid | P37: from s_createrkoext t1 left join s_createrkoextresult t2 on t2.createrkoext_short_foreign_key=t1.objectID left join s_party t3 on t3.createrkoext_short_foreign_key=t1.objectID left join s_optionalparam t4 on t4.createrkoext_short_foreign_key=t1.objectID left join s_depart t5 on t2.createrkoext_short_foreign_key=t1.objectID where t1.inc_flag=1 or t2.inc_flag=1 or t3.inc_flag=1 or t4.inc_flag=1 or t5.inc_flag=1 Источник для всех полей этого блока - S таблицы выше | Q37: ="n306000041_"&IFERROR(VLOOKUP(D37,target_tables[],5,0),"<not found>") -> n306000041_appl | R37: Ключ | S37: Снимок-снимок | T37: Сорокин М. Б. | U37: 45370
A38: 460 | D38: t_appl | E38: =IFERROR(VLOOKUP($D38&$J38,target_columns[],4,0),"") -> uuid | F38: =IFERROR(VLOOKUP($D38&$J38,target_columns[],7,0),"") -> No | G38: =IFERROR(VLOOKUP($D38&$J38,target_columns[],8,0),"") -> Yes | H38: =IFERROR(VLOOKUP($D38&$J38,target_columns[],5,0),"") -> NULL | I38: =IFERROR(VLOOKUP($D38&$J38,target_columns[],10,0),"") -> Тип заявки | J38: appl_type_id | K38: b3060000410002_createrkoext | L38: =IFERROR(VLOOKUP(UPPER(K38&N38),source_columns[],4,0),"") | M38: =IFERROR(VLOOKUP(UPPER(K38&N38),source_columns[],7,0),"") | N38: operationType_uid | Q38: ="n306000041_"&IFERROR(VLOOKUP(D38,target_tables[],5,0),"<not found>") -> n306000041_appl | R38: - | T38: Сорокин М. Б. | U38: 45370
A39: 470 | D39: t_appl | E39: =IFERROR(VLOOKUP($D39&$J39,target_columns[],4,0),"") -> uuid | F39: =IFERROR(VLOOKUP($D39&$J39,target_columns[],7,0),"") -> No | G39: =IFERROR(VLOOKUP($D39&$J39,target_columns[],8,0),"") -> Yes | H39: =IFERROR(VLOOKUP($D39&$J39,target_columns[],5,0),"") -> NULL | I39: =IFERROR(VLOOKUP($D39&$J39,target_columns[],10,0),"") -> Система-источник заявки | J39: src_system_type_id | K39: b3060000410002_createrkoext | L39: =IFERROR(VLOOKUP(UPPER(K39&N39),source_columns[],4,0),"") | M39: =IFERROR(VLOOKUP(UPPER(K39&N39),source_columns[],7,0),"") | N39: spName_uid | Q39: ="n306000041_"&IFERROR(VLOOKUP(D39,target_tables[],5,0),"<not found>") -> n306000041_appl | R39: - | T39: Сорокин М. Б. | U39: 45370
A40: 471 | D40: t_appl | E40: =IFERROR(VLOOKUP($D40&$J40,target_columns[],4,0),"") -> text | F40: =IFERROR(VLOOKUP($D40&$J40,target_columns[],7,0),"") -> No | G40: =IFERROR(VLOOKUP($D40&$J40,target_columns[],8,0),"") -> No | H40: =IFERROR(VLOOKUP($D40&$J40,target_columns[],5,0),"") -> NULL | I40: =IFERROR(VLOOKUP($D40&$J40,target_columns[],10,0),"") -> Текст ошибки | J40: error_txt | K40: b3060000410002_createrkoext | L40: =IFERROR(VLOOKUP(UPPER(K40&N40),source_columns[],4,0),"") | M40: =IFERROR(VLOOKUP(UPPER(K40&N40),source_columns[],7,0),"") | N40: errcode | Q40: ="n306000041_"&IFERROR(VLOOKUP(D40,target_tables[],5,0),"<not found>") -> n306000041_appl | R40: - | T40: Сорокин М. Б. | U40: 45370
A41: 472 | D41: t_appl | E41: =IFERROR(VLOOKUP($D41&$J41,target_columns[],4,0),"") -> text | F41: =IFERROR(VLOOKUP($D41&$J41,target_columns[],7,0),"") -> No | G41: =IFERROR(VLOOKUP($D41&$J41,target_columns[],8,0),"") -> No | H41: =IFERROR(VLOOKUP($D41&$J41,target_columns[],5,0),"") -> NULL | I41: =IFERROR(VLOOKUP($D41&$J41,target_columns[],10,0),"") -> Номер договора ДБО | J41: agr_dbo_num | K41: b3060000410014_optionalParam | L41: =IFERROR(VLOOKUP(UPPER(K41&N41),source_columns[],4,0),"") | M41: =IFERROR(VLOOKUP(UPPER(K41&N41),source_columns[],7,0),"") | N41: sbbolnumdog | Q41: ="n306000041_"&IFERROR(VLOOKUP(D41,target_tables[],5,0),"<not found>") -> n306000041_appl | R41: - | T41: Сорокин М. Б. | U41: 45370
A42: 473 | D42: t_appl | E42: =IFERROR(VLOOKUP($D42&$J42,target_columns[],4,0),"") -> uuid | F42: =IFERROR(VLOOKUP($D42&$J42,target_columns[],7,0),"") -> No | G42: =IFERROR(VLOOKUP($D42&$J42,target_columns[],8,0),"") -> Yes | H42: =IFERROR(VLOOKUP($D42&$J42,target_columns[],5,0),"") -> NULL | I42: =IFERROR(VLOOKUP($D42&$J42,target_columns[],10,0),"") -> Подразделение оформления заявки | J42: open_int_org_id | K42: b3060000410016_depart | L42: =IFERROR(VLOOKUP(UPPER(K42&N42),source_columns[],4,0),"") | M42: =IFERROR(VLOOKUP(UPPER(K42&N42),source_columns[],7,0),"") | N42: subdivisioncode_uid | Q42: ="n306000041_"&IFERROR(VLOOKUP(D42,target_tables[],5,0),"<not found>") -> n306000041_appl | R42: - | T42: Сорокин М. Б. | U42: 46156
A43: 480 | D43: t_appl | E43: =IFERROR(VLOOKUP($D43&$J43,target_columns[],4,0),"") -> uuid | F43: =IFERROR(VLOOKUP($D43&$J43,target_columns[],7,0),"") -> No | G43: =IFERROR(VLOOKUP($D43&$J43,target_columns[],8,0),"") -> Yes | H43: =IFERROR(VLOOKUP($D43&$J43,target_columns[],5,0),"") -> NULL | I43: =IFERROR(VLOOKUP($D43&$J43,target_columns[],10,0),"") -> Канал поступления заявки | J43: chnl_type_id | K43: b3060000410002_createrkoext | L43: =IFERROR(VLOOKUP(UPPER(K43&N43),source_columns[],4,0),"") | M43: =IFERROR(VLOOKUP(UPPER(K43&N43),source_columns[],7,0),"") | N43: channel_uid | Q43: ="n306000041_"&IFERROR(VLOOKUP(D43,target_tables[],5,0),"<not found>") -> n306000041_appl | R43: - | T43: Сорокин М. Б. | U43: 45370
A44: 490 | D44: t_appl | E44: =IFERROR(VLOOKUP($D44&$J44,target_columns[],4,0),"") -> uuid | F44: =IFERROR(VLOOKUP($D44&$J44,target_columns[],7,0),"") -> No | G44: =IFERROR(VLOOKUP($D44&$J44,target_columns[],8,0),"") -> Yes | H44: =IFERROR(VLOOKUP($D44&$J44,target_columns[],5,0),"") -> NULL | I44: =IFERROR(VLOOKUP($D44&$J44,target_columns[],10,0),"") -> Договор, открытый по заявке | J44: agr_id | K44: b3060000410008_createrkoextresult | L44: =IFERROR(VLOOKUP(UPPER(K44&N44),source_columns[],4,0),"") | M44: =IFERROR(VLOOKUP(UPPER(K44&N44),source_columns[],7,0),"") | N44: productPartyID_uid | Q44: ="n306000041_"&IFERROR(VLOOKUP(D44,target_tables[],5,0),"<not found>") -> n306000041_appl | R44: - | T44: Сорокин М. Б. | U44: 45370
A45: 500 | D45: t_appl | E45: =IFERROR(VLOOKUP($D45&$J45,target_columns[],4,0),"") -> uuid | F45: =IFERROR(VLOOKUP($D45&$J45,target_columns[],7,0),"") -> No | G45: =IFERROR(VLOOKUP($D45&$J45,target_columns[],8,0),"") -> Yes | H45: =IFERROR(VLOOKUP($D45&$J45,target_columns[],5,0),"") -> NULL | I45: =IFERROR(VLOOKUP($D45&$J45,target_columns[],10,0),"") -> Регистр, открытый по заявке | J45: registry_id | K45: b3060000410008_createrkoextresult | L45: =IFERROR(VLOOKUP(UPPER(K45&N45),source_columns[],4,0),"") | M45: =IFERROR(VLOOKUP(UPPER(K45&N45),source_columns[],7,0),"") | N45: accountId_uid | Q45: ="n306000041_"&IFERROR(VLOOKUP(D45,target_tables[],5,0),"<not found>") -> n306000041_appl | R45: - | T45: Сорокин М. Б. | U45: 45370
A46: 510 | D46: t_appl | E46: =IFERROR(VLOOKUP($D46&$J46,target_columns[],4,0),"") -> date | F46: =IFERROR(VLOOKUP($D46&$J46,target_columns[],7,0),"") -> No | G46: =IFERROR(VLOOKUP($D46&$J46,target_columns[],8,0),"") -> No | H46: =IFERROR(VLOOKUP($D46&$J46,target_columns[],5,0),"") -> NULL | I46: =IFERROR(VLOOKUP($D46&$J46,target_columns[],10,0),"") -> Дата поступления заявки | J46: appl_received_dt | K46: b3060000410002_createrkoext | L46: =IFERROR(VLOOKUP(UPPER(K46&N46),source_columns[],4,0),"") | M46: =IFERROR(VLOOKUP(UPPER(K46&N46),source_columns[],7,0),"") | N46: rqtm | O46: trunc(rqtm) | Q46: ="n306000041_"&IFERROR(VLOOKUP(D46,target_tables[],5,0),"<not found>") -> n306000041_appl | R46: - | T46: Сорокин М. Б. | U46: 45370
A47: 520 | D47: t_appl | E47: =IFERROR(VLOOKUP($D47&$J47,target_columns[],4,0),"") -> uuid | F47: =IFERROR(VLOOKUP($D47&$J47,target_columns[],7,0),"") -> No | G47: =IFERROR(VLOOKUP($D47&$J47,target_columns[],8,0),"") -> Yes | H47: =IFERROR(VLOOKUP($D47&$J47,target_columns[],5,0),"") -> NULL | I47: =IFERROR(VLOOKUP($D47&$J47,target_columns[],10,0),"") -> Клиент по заявке | J47: cust_id | K47: b3060000410003_party | L47: =IFERROR(VLOOKUP(UPPER(K47&N47),source_columns[],4,0),"") | M47: =IFERROR(VLOOKUP(UPPER(K47&N47),source_columns[],7,0),"") | N47: epkID_uuid | Q47: ="n306000041_"&IFERROR(VLOOKUP(D47,target_tables[],5,0),"<not found>") -> n306000041_appl | R47: - | T47: Сорокин М. Б. | U47: 45370
A48: 530 | D48: t_appl | E48: =IFERROR(VLOOKUP($D48&$J48,target_columns[],4,0),"") -> bigint | F48: =IFERROR(VLOOKUP($D48&$J48,target_columns[],7,0),"") -> No | G48: =IFERROR(VLOOKUP($D48&$J48,target_columns[],8,0),"") -> No | H48: =IFERROR(VLOOKUP($D48&$J48,target_columns[],5,0),"") -> NULL | I48: =IFERROR(VLOOKUP($D48&$J48,target_columns[],10,0),"") -> Идентификатор заявки в системе-источнике | J48: host_appl_id | K48: b3060000410002_createrkoext | L48: =IFERROR(VLOOKUP(UPPER(K48&N48),source_columns[],4,0),"") -> bigint | M48: =IFERROR(VLOOKUP(UPPER(K48&N48),source_columns[],7,0),"") -> Уникальный идентификатор | N48: ObjectID | Q48: ="n306000041_"&IFERROR(VLOOKUP(D48,target_tables[],5,0),"<not found>") -> n306000041_appl | R48: - | T48: Сорокин М. Б. | U48: 45370
A49: 540 | D49: t_appl_stts | E49: =IFERROR(VLOOKUP($D49&$J49,target_columns[],4,0),"") -> uuid | F49: =IFERROR(VLOOKUP($D49&$J49,target_columns[],7,0),"") -> Yes | G49: =IFERROR(VLOOKUP($D49&$J49,target_columns[],8,0),"") -> Yes | H49: =IFERROR(VLOOKUP($D49&$J49,target_columns[],5,0),"") -> NOT NULL | I49: =IFERROR(VLOOKUP($D49&$J49,target_columns[],10,0),"") -> Уникальный идентификатор заявки | J49: appl_id | K49: b3060000410002_createrkoext | L49: =IFERROR(VLOOKUP(UPPER(K49&N49),source_columns[],4,0),"") | M49: =IFERROR(VLOOKUP(UPPER(K49&N49),source_columns[],7,0),"") | N49: ObjectID_uid | Q49: ="n306000041_"&IFERROR(VLOOKUP(D49,target_tables[],5,0),"<not found>") -> n306000041_appl_stts | R49: Ключ | S49: Снимок-история | T49: Сорокин М. Б. | U49: 45370
A50: 550 | D50: t_appl_stts | E50: =IFERROR(VLOOKUP($D50&$J50,target_columns[],4,0),"") -> uuid | F50: =IFERROR(VLOOKUP($D50&$J50,target_columns[],7,0),"") -> No | G50: =IFERROR(VLOOKUP($D50&$J50,target_columns[],8,0),"") -> Yes | H50: =IFERROR(VLOOKUP($D50&$J50,target_columns[],5,0),"") -> NULL | I50: =IFERROR(VLOOKUP($D50&$J50,target_columns[],10,0),"") -> Статус заявки | J50: appl_stts_type_id | K50: b3060000410002_createrkoext | L50: =IFERROR(VLOOKUP(UPPER(K50&N50),source_columns[],4,0),"") | M50: =IFERROR(VLOOKUP(UPPER(K50&N50),source_columns[],7,0),"") | N50: statusForRko_short_foreign_key_uid | Q50: ="n306000041_"&IFERROR(VLOOKUP(D50,target_tables[],5,0),"<not found>") -> n306000041_appl_stts | R50: - | T50: Сорокин М. Б. | U50: 45370
A51: 560 | D51: t_appl_stts | E51: =IFERROR(VLOOKUP($D51&$J51,target_columns[],4,0),"") -> date | F51: =IFERROR(VLOOKUP($D51&$J51,target_columns[],7,0),"") -> No | G51: =IFERROR(VLOOKUP($D51&$J51,target_columns[],8,0),"") -> No | H51: =IFERROR(VLOOKUP($D51&$J51,target_columns[],5,0),"") -> NULL | I51: =IFERROR(VLOOKUP($D51&$J51,target_columns[],10,0),"") -> Дата начала | J51: start_dt | K51: ETL | L51: =IFERROR(VLOOKUP(UPPER(K51&N51),source_columns[],4,0),"") | M51: =IFERROR(VLOOKUP(UPPER(K51&N51),source_columns[],7,0),"") | N51: ctl_validfrom | O51: Заполняется в соответствии с СОД Снимок-История. Первая запись в истории должна иметь значение MinDate | Q51: ="n306000041_"&IFERROR(VLOOKUP(D51,target_tables[],5,0),"<not found>") -> n306000041_appl_stts | R51: Начало | T51: Сорокин М. Б. | U51: 45370
A52: 570 | D52: t_appl_stts | E52: =IFERROR(VLOOKUP($D52&$J52,target_columns[],4,0),"") -> date | F52: =IFERROR(VLOOKUP($D52&$J52,target_columns[],7,0),"") -> No | G52: =IFERROR(VLOOKUP($D52&$J52,target_columns[],8,0),"") -> No | H52: =IFERROR(VLOOKUP($D52&$J52,target_columns[],5,0),"") -> NULL | I52: =IFERROR(VLOOKUP($D52&$J52,target_columns[],10,0),"") -> Дата окончания | J52: end_dt | K52: ETL | L52: =IFERROR(VLOOKUP(UPPER(K52&N52),source_columns[],4,0),"") | M52: =IFERROR(VLOOKUP(UPPER(K52&N52),source_columns[],7,0),"") | N52: ETL | O52: Заполняется в соответствии с СОД Снимок-История | Q52: ="n306000041_"&IFERROR(VLOOKUP(D52,target_tables[],5,0),"<not found>") -> n306000041_appl_stts | R52: Конец | T52: Сорокин М. Б. | U52: 45370
A53: 580 | D53: t_appl_stts | E53: =IFERROR(VLOOKUP($D53&$J53,target_columns[],4,0),"") -> uuid | F53: =IFERROR(VLOOKUP($D53&$J53,target_columns[],7,0),"") -> No | G53: =IFERROR(VLOOKUP($D53&$J53,target_columns[],8,0),"") -> Yes | H53: =IFERROR(VLOOKUP($D53&$J53,target_columns[],5,0),"") -> NULL | I53: =IFERROR(VLOOKUP($D53&$J53,target_columns[],10,0),"") -> Роль статуса заявки | J53: appl_stts_role_type_id | K53: ETL | L53: =IFERROR(VLOOKUP(UPPER(K53&N53),source_columns[],4,0),"") | M53: =IFERROR(VLOOKUP(UPPER(K53&N53),source_columns[],7,0),"") | N53: '00000000-0000-0000-0000-0000fffffc17'::uuid | O53: -1001^Основной статус | Q53: ="n306000041_"&IFERROR(VLOOKUP(D53,target_tables[],5,0),"<not found>") -> n306000041_appl_stts | R53: Ключ | T53: Сорокин М. Б. | U53: 45370
A54: 540 | D54: t_arg_rko_limit | E54: =IFERROR(VLOOKUP($D54&$J54,target_columns[],4,0),"") -> uuid | F54: =IFERROR(VLOOKUP($D54&$J54,target_columns[],7,0),"") -> Yes | G54: =IFERROR(VLOOKUP($D54&$J54,target_columns[],8,0),"") -> No | H54: =IFERROR(VLOOKUP($D54&$J54,target_columns[],5,0),"") -> NOT NULL | I54: =IFERROR(VLOOKUP($D54&$J54,target_columns[],10,0),"") -> Уникальный идентификатор ограничения | J54: agr_rko_limit_id | K54: b3060000410009_RestrictionProduct | L54: =IFERROR(VLOOKUP(UPPER(K54&N54),source_columns[],4,0),"") | M54: =IFERROR(VLOOKUP(UPPER(K54&N54),source_columns[],7,0),"") | N54: ObjectID_uid | Q54: ="n306000041_"&IFERROR(VLOOKUP(D54,target_tables[],5,0),"<not found>") -> n306000041_agr_rko_limit | R54: Ключ | S54: Снимок-снимок | T54: Сорокин М. Б. | U54: 45370
A55: 550 | D55: t_arg_rko_limit | E55: =IFERROR(VLOOKUP($D55&$J55,target_columns[],4,0),"") -> bigint | F55: =IFERROR(VLOOKUP($D55&$J55,target_columns[],7,0),"") -> No | G55: =IFERROR(VLOOKUP($D55&$J55,target_columns[],8,0),"") -> No | H55: =IFERROR(VLOOKUP($D55&$J55,target_columns[],5,0),"") -> NULL | I55: =IFERROR(VLOOKUP($D55&$J55,target_columns[],10,0),"") -> Уникальный идентификатор ограничения в системе-источнике | J55: agr_rko_limit_host_id | K55: b3060000410009_RestrictionProduct | L55: =IFERROR(VLOOKUP(UPPER(K55&N55),source_columns[],4,0),"") | M55: =IFERROR(VLOOKUP(UPPER(K55&N55),source_columns[],7,0),"") | N55: ObjectID | Q55: ="n306000041_"&IFERROR(VLOOKUP(D55,target_tables[],5,0),"<not found>") -> n306000041_agr_rko_limit | R55: - | T55: Сорокин М. Б. | U55: 45370
A56: 560 | D56: t_arg_rko_limit | E56: =IFERROR(VLOOKUP($D56&$J56,target_columns[],4,0),"") -> uuid | F56: =IFERROR(VLOOKUP($D56&$J56,target_columns[],7,0),"") -> No | G56: =IFERROR(VLOOKUP($D56&$J56,target_columns[],8,0),"") -> Yes | H56: =IFERROR(VLOOKUP($D56&$J56,target_columns[],5,0),"") -> NULL | I56: =IFERROR(VLOOKUP($D56&$J56,target_columns[],10,0),"") -> Тип ограничения | J56: agr_rko_limit_type_id | K56: b3060000410009_RestrictionProduct | L56: =IFERROR(VLOOKUP(UPPER(K56&N56),source_columns[],4,0),"") | M56: =IFERROR(VLOOKUP(UPPER(K56&N56),source_columns[],7,0),"") | N56: restrictionType_short_foreign_key_uuid | Q56: ="n306000041_"&IFERROR(VLOOKUP(D56,target_tables[],5,0),"<not found>") -> n306000041_agr_rko_limit | R56: - | T56: Сорокин М. Б. | U56: 45370
A57: 570 | D57: t_arg_rko_limit | E57: =IFERROR(VLOOKUP($D57&$J57,target_columns[],4,0),"") -> timestamp | F57: =IFERROR(VLOOKUP($D57&$J57,target_columns[],7,0),"") -> No | G57: =IFERROR(VLOOKUP($D57&$J57,target_columns[],8,0),"") -> No | H57: =IFERROR(VLOOKUP($D57&$J57,target_columns[],5,0),"") -> NULL | I57: =IFERROR(VLOOKUP($D57&$J57,target_columns[],10,0),"") -> Дата начала действия ограничения | J57: start_dttm | K57: b3060000410009_RestrictionProduct | L57: =IFERROR(VLOOKUP(UPPER(K57&N57),source_columns[],4,0),"") | M57: =IFERROR(VLOOKUP(UPPER(K57&N57),source_columns[],7,0),"") | N57: datebegin | Q57: ="n306000041_"&IFERROR(VLOOKUP(D57,target_tables[],5,0),"<not found>") -> n306000041_agr_rko_limit | R57: - | T57: Сорокин М. Б. | U57: 45370
A58: 580 | D58: t_arg_rko_limit | E58: =IFERROR(VLOOKUP($D58&$J58,target_columns[],4,0),"") -> timestamp | F58: =IFERROR(VLOOKUP($D58&$J58,target_columns[],7,0),"") -> No | G58: =IFERROR(VLOOKUP($D58&$J58,target_columns[],8,0),"") -> No | H58: =IFERROR(VLOOKUP($D58&$J58,target_columns[],5,0),"") -> NULL | I58: =IFERROR(VLOOKUP($D58&$J58,target_columns[],10,0),"") -> Дата окончания действия ограничения | J58: end_dttm | K58: b3060000410009_RestrictionProduct | L58: =IFERROR(VLOOKUP(UPPER(K58&N58),source_columns[],4,0),"") | M58: =IFERROR(VLOOKUP(UPPER(K58&N58),source_columns[],7,0),"") | N58: dateend | Q58: ="n306000041_"&IFERROR(VLOOKUP(D58,target_tables[],5,0),"<not found>") -> n306000041_agr_rko_limit | R58: - | T58: Сорокин М. Б. | U58: 45370
A59: 590 | D59: t_arg_rko_limit | E59: =IFERROR(VLOOKUP($D59&$J59,target_columns[],4,0),"") -> numeric | F59: =IFERROR(VLOOKUP($D59&$J59,target_columns[],7,0),"") -> No | G59: =IFERROR(VLOOKUP($D59&$J59,target_columns[],8,0),"") -> No | H59: =IFERROR(VLOOKUP($D59&$J59,target_columns[],5,0),"") -> NULL | I59: =IFERROR(VLOOKUP($D59&$J59,target_columns[],10,0),"") -> Сумма ограничения | J59: limit_amt | K59: b3060000410009_RestrictionProduct | L59: =IFERROR(VLOOKUP(UPPER(K59&N59),source_columns[],4,0),"") | M59: =IFERROR(VLOOKUP(UPPER(K59&N59),source_columns[],7,0),"") | N59: restrictionSumLimit | Q59: ="n306000041_"&IFERROR(VLOOKUP(D59,target_tables[],5,0),"<not found>") -> n306000041_agr_rko_limit | R59: - | T59: Сорокин М. Б. | U59: 45370
A60: 600 | D60: t_arg_rko_limit | E60: =IFERROR(VLOOKUP($D60&$J60,target_columns[],4,0),"") -> text | F60: =IFERROR(VLOOKUP($D60&$J60,target_columns[],7,0),"") -> No | G60: =IFERROR(VLOOKUP($D60&$J60,target_columns[],8,0),"") -> No | H60: =IFERROR(VLOOKUP($D60&$J60,target_columns[],5,0),"") -> NULL | I60: =IFERROR(VLOOKUP($D60&$J60,target_columns[],10,0),"") -> Основание введения ограничения | J60: limit_open_txt | K60: b3060000410009_RestrictionProduct | L60: =IFERROR(VLOOKUP(UPPER(K60&N60),source_columns[],4,0),"") | M60: =IFERROR(VLOOKUP(UPPER(K60&N60),source_columns[],7,0),"") | N60: reasonOpen | Q60: ="n306000041_"&IFERROR(VLOOKUP(D60,target_tables[],5,0),"<not found>") -> n306000041_agr_rko_limit | R60: - | T60: Сорокин М. Б. | U60: 45370
A61: 610 | D61: t_arg_rko_limit | E61: =IFERROR(VLOOKUP($D61&$J61,target_columns[],4,0),"") -> uuid | F61: =IFERROR(VLOOKUP($D61&$J61,target_columns[],7,0),"") -> No | G61: =IFERROR(VLOOKUP($D61&$J61,target_columns[],8,0),"") -> Yes | H61: =IFERROR(VLOOKUP($D61&$J61,target_columns[],5,0),"") -> NULL | I61: =IFERROR(VLOOKUP($D61&$J61,target_columns[],10,0),"") -> Валюта суммы ограничения | J61: crncy_id | K61: b3060000410009_RestrictionProduct | L61: =IFERROR(VLOOKUP(UPPER(K61&N61),source_columns[],4,0),"") | M61: =IFERROR(VLOOKUP(UPPER(K61&N61),source_columns[],7,0),"") | N61: restrictionSumCurrency_short_foreign_key_uid | Q61: ="n306000041_"&IFERROR(VLOOKUP(D61,target_tables[],5,0),"<not found>") -> n306000041_agr_rko_limit | R61: - | T61: Сорокин М. Б. | U61: 45370
A62: 620 | D62: t_arg_rko_limit | E62: =IFERROR(VLOOKUP($D62&$J62,target_columns[],4,0),"") -> date | F62: =IFERROR(VLOOKUP($D62&$J62,target_columns[],7,0),"") -> No | G62: =IFERROR(VLOOKUP($D62&$J62,target_columns[],8,0),"") -> No | H62: =IFERROR(VLOOKUP($D62&$J62,target_columns[],5,0),"") -> NULL | I62: =IFERROR(VLOOKUP($D62&$J62,target_columns[],10,0),"") -> Дата решения об оганичении | J62: limit_dt | K62: b3060000410009_RestrictionProduct | L62: =IFERROR(VLOOKUP(UPPER(K62&N62),source_columns[],4,0),"") | M62: =IFERROR(VLOOKUP(UPPER(K62&N62),source_columns[],7,0),"") | N62: reasonDocDate | Q62: ="n306000041_"&IFERROR(VLOOKUP(D62,target_tables[],5,0),"<not found>") -> n306000041_agr_rko_limit | R62: - | T62: Сорокин М. Б. | U62: 45370
A63: 630 | D63: t_arg_rko_limit | E63: =IFERROR(VLOOKUP($D63&$J63,target_columns[],4,0),"") -> text | F63: =IFERROR(VLOOKUP($D63&$J63,target_columns[],7,0),"") -> No | G63: =IFERROR(VLOOKUP($D63&$J63,target_columns[],8,0),"") -> No | H63: =IFERROR(VLOOKUP($D63&$J63,target_columns[],5,0),"") -> NULL | I63: =IFERROR(VLOOKUP($D63&$J63,target_columns[],10,0),"") -> Признак действующего ограничения | J63: active_flag | K63: b3060000410009_RestrictionProduct | L63: =IFERROR(VLOOKUP(UPPER(K63&N63),source_columns[],4,0),"") | M63: =IFERROR(VLOOKUP(UPPER(K63&N63),source_columns[],7,0),"") | N63: inactive | O63: case when inactive then 'N' else 'Y' end | Q63: ="n306000041_"&IFERROR(VLOOKUP(D63,target_tables[],5,0),"<not found>") -> n306000041_agr_rko_limit | R63: - | T63: Сорокин М. Б. | U63: 45370
A64: 640 | D64: t_arg_rko_limit | E64: =IFERROR(VLOOKUP($D64&$J64,target_columns[],4,0),"") -> text | F64: =IFERROR(VLOOKUP($D64&$J64,target_columns[],7,0),"") -> No | G64: =IFERROR(VLOOKUP($D64&$J64,target_columns[],8,0),"") -> No | H64: =IFERROR(VLOOKUP($D64&$J64,target_columns[],5,0),"") -> NULL | I64: =IFERROR(VLOOKUP($D64&$J64,target_columns[],10,0),"") -> Основание снятия ограничения | J64: limit_close_txt | K64: b3060000410009_RestrictionProduct | L64: =IFERROR(VLOOKUP(UPPER(K64&N64),source_columns[],4,0),"") | M64: =IFERROR(VLOOKUP(UPPER(K64&N64),source_columns[],7,0),"") | N64: reasonClose | Q64: ="n306000041_"&IFERROR(VLOOKUP(D64,target_tables[],5,0),"<not found>") -> n306000041_agr_rko_limit | R64: - | T64: Сорокин М. Б. | U64: 45370
A65: 650 | D65: t_arg_rko_limit | E65: =IFERROR(VLOOKUP($D65&$J65,target_columns[],4,0),"") -> uuid | F65: =IFERROR(VLOOKUP($D65&$J65,target_columns[],7,0),"") -> No | G65: =IFERROR(VLOOKUP($D65&$J65,target_columns[],8,0),"") -> Yes | H65: =IFERROR(VLOOKUP($D65&$J65,target_columns[],5,0),"") -> NULL | I65: =IFERROR(VLOOKUP($D65&$J65,target_columns[],10,0),"") -> Договор РКО, на который действует ограничение | J65: agr_rko_id | K65: b3060000410009_RestrictionProduct | L65: =IFERROR(VLOOKUP(UPPER(K65&N65),source_columns[],4,0),"") | M65: =IFERROR(VLOOKUP(UPPER(K65&N65),source_columns[],7,0),"") | N65: product_short_foreign_key_uid | Q65: ="n306000041_"&IFERROR(VLOOKUP(D65,target_tables[],5,0),"<not found>") -> n306000041_agr_rko_limit | R65: - | T65: Сорокин М. Б. | U65: 45370
A66: 660 | D66: t_rko_purpose_type | E66: =IFERROR(VLOOKUP($D66&$J66,target_columns[],4,0),"") -> uuid | F66: =IFERROR(VLOOKUP($D66&$J66,target_columns[],7,0),"") -> Yes | G66: =IFERROR(VLOOKUP($D66&$J66,target_columns[],8,0),"") -> No | H66: =IFERROR(VLOOKUP($D66&$J66,target_columns[],5,0),"") -> NOT NULL | I66: =IFERROR(VLOOKUP($D66&$J66,target_columns[],10,0),"") -> Уникальный идентификатор целевого назначения договора | J66: rko_purpose_type_id | K66: b3060000410012_producttarget | L66: =IFERROR(VLOOKUP(UPPER(K66&N66),source_columns[],4,0),"") | M66: =IFERROR(VLOOKUP(UPPER(K66&N66),source_columns[],7,0),"") | N66: ObjectID_uid | Q66: ="n306000041_"&IFERROR(VLOOKUP(D66,target_tables[],5,0),"<not found>") -> n306000041_rko_purpose_type | R66: Ключ | S66: Снимок-снимок с накоплением | T66: Сорокин М. Б. | U66: 45370
A67: 670 | D67: t_rko_purpose_type | E67: =IFERROR(VLOOKUP($D67&$J67,target_columns[],4,0),"") -> text | F67: =IFERROR(VLOOKUP($D67&$J67,target_columns[],7,0),"") -> No | G67: =IFERROR(VLOOKUP($D67&$J67,target_columns[],8,0),"") -> No | H67: =IFERROR(VLOOKUP($D67&$J67,target_columns[],5,0),"") -> NULL | I67: =IFERROR(VLOOKUP($D67&$J67,target_columns[],10,0),"") -> Код целевого назначения договора | J67: rko_purpose_type_cd | K67: b3060000410012_producttarget | L67: =IFERROR(VLOOKUP(UPPER(K67&N67),source_columns[],4,0),"") | M67: =IFERROR(VLOOKUP(UPPER(K67&N67),source_columns[],7,0),"") | N67: ObjectID | Q67: ="n306000041_"&IFERROR(VLOOKUP(D67,target_tables[],5,0),"<not found>") -> n306000041_rko_purpose_type | R67: - | T67: Сорокин М. Б. | U67: 45370
A68: 680 | D68: t_rko_purpose_type | E68: =IFERROR(VLOOKUP($D68&$J68,target_columns[],4,0),"") -> text | F68: =IFERROR(VLOOKUP($D68&$J68,target_columns[],7,0),"") -> No | G68: =IFERROR(VLOOKUP($D68&$J68,target_columns[],8,0),"") -> No | H68: =IFERROR(VLOOKUP($D68&$J68,target_columns[],5,0),"") -> NULL | I68: =IFERROR(VLOOKUP($D68&$J68,target_columns[],10,0),"") -> Наименование целевого назначения договора | J68: rko_purpose_type_name | K68: b3060000410012_producttarget | L68: =IFERROR(VLOOKUP(UPPER(K68&N68),source_columns[],4,0),"") | M68: =IFERROR(VLOOKUP(UPPER(K68&N68),source_columns[],7,0),"") | N68: name | Q68: ="n306000041_"&IFERROR(VLOOKUP(D68,target_tables[],5,0),"<not found>") -> n306000041_rko_purpose_type | R68: - | T68: Сорокин М. Б. | U68: 45370
A69: 690 | D69: T_REGISTRY_STTS_TYPE | E69: =IFERROR(VLOOKUP($D69&$J69,target_columns[],4,0),"") -> uuid | F69: =IFERROR(VLOOKUP($D69&$J69,target_columns[],7,0),"") -> Yes | G69: =IFERROR(VLOOKUP($D69&$J69,target_columns[],8,0),"") -> No | H69: =IFERROR(VLOOKUP($D69&$J69,target_columns[],5,0),"") -> NOT NULL | I69: =IFERROR(VLOOKUP($D69&$J69,target_columns[],10,0),"") -> Идентификатор типа статуса регистра | J69: REGISTRY_STTS_TYPE_ID | K69: b3060000410011_RegisterStatus | L69: =IFERROR(VLOOKUP(UPPER(K69&N69),source_columns[],4,0),"") | M69: =IFERROR(VLOOKUP(UPPER(K69&N69),source_columns[],7,0),"") | N69: ObjectID_uid | Q69: ="n306000041_"&IFERROR(VLOOKUP(D69,target_tables[],5,0),"<not found>") -> n306000041_REGISTRY_STTS_TYPE | R69: Ключ | S69: Снимок-снимок с накоплением | T69: Сорокин М. Б. | U69: 45370
A70: 700 | D70: T_REGISTRY_STTS_TYPE | E70: =IFERROR(VLOOKUP($D70&$J70,target_columns[],4,0),"") -> text | F70: =IFERROR(VLOOKUP($D70&$J70,target_columns[],7,0),"") -> No | G70: =IFERROR(VLOOKUP($D70&$J70,target_columns[],8,0),"") -> No | H70: =IFERROR(VLOOKUP($D70&$J70,target_columns[],5,0),"") -> NULL | I70: =IFERROR(VLOOKUP($D70&$J70,target_columns[],10,0),"") -> Код типа статуса регистра | J70: REGISTRY_STTS_TYPE_CD | K70: b3060000410011_RegisterStatus | L70: =IFERROR(VLOOKUP(UPPER(K70&N70),source_columns[],4,0),"") | M70: =IFERROR(VLOOKUP(UPPER(K70&N70),source_columns[],7,0),"") | N70: ObjectID | Q70: ="n306000041_"&IFERROR(VLOOKUP(D70,target_tables[],5,0),"<not found>") -> n306000041_REGISTRY_STTS_TYPE | R70: - | T70: Сорокин М. Б. | U70: 45370
A71: 710 | D71: T_REGISTRY_STTS_TYPE | E71: =IFERROR(VLOOKUP($D71&$J71,target_columns[],4,0),"") -> text | F71: =IFERROR(VLOOKUP($D71&$J71,target_columns[],7,0),"") -> No | G71: =IFERROR(VLOOKUP($D71&$J71,target_columns[],8,0),"") -> No | H71: =IFERROR(VLOOKUP($D71&$J71,target_columns[],5,0),"") -> NULL | I71: =IFERROR(VLOOKUP($D71&$J71,target_columns[],10,0),"") -> Наименование типа статуса регистра | J71: REGISTRY_STTS_TYPE_NAME | K71: b3060000410011_RegisterStatus | L71: =IFERROR(VLOOKUP(UPPER(K71&N71),source_columns[],4,0),"") | M71: =IFERROR(VLOOKUP(UPPER(K71&N71),source_columns[],7,0),"") | N71: name | Q71: ="n306000041_"&IFERROR(VLOOKUP(D71,target_tables[],5,0),"<not found>") -> n306000041_REGISTRY_STTS_TYPE | R71: - | T71: Сорокин М. Б. | U71: 45370
A72: 720 | D72: T_APPL_TYPE | E72: =IFERROR(VLOOKUP($D72&$J72,target_columns[],4,0),"") -> uuid | F72: =IFERROR(VLOOKUP($D72&$J72,target_columns[],7,0),"") -> Yes | G72: =IFERROR(VLOOKUP($D72&$J72,target_columns[],8,0),"") -> No | H72: =IFERROR(VLOOKUP($D72&$J72,target_columns[],5,0),"") -> NOT NULL | I72: =IFERROR(VLOOKUP($D72&$J72,target_columns[],10,0),"") -> Идентификатор типа заявки | J72: APPL_TYPE_ID | K72: b3060000410002_createrkoext | L72: =IFERROR(VLOOKUP(UPPER(K72&N72),source_columns[],4,0),"") | M72: =IFERROR(VLOOKUP(UPPER(K72&N72),source_columns[],7,0),"") | N72: operationType_uid | P72: SELECT DISTINCT operationtype,operationtype_uid FROM b3060000410002_createrkoext where operationtype is not null | Q72: ="n306000041_"&IFERROR(VLOOKUP(D72,target_tables[],5,0),"<not found>") -> n306000041_APPL_TYPE | R72: Ключ | S72: Снимок-снимок с накоплением | T72: Сорокин М. Б. | U72: 45370
A73: 730 | D73: T_APPL_TYPE | E73: =IFERROR(VLOOKUP($D73&$J73,target_columns[],4,0),"") -> text | F73: =IFERROR(VLOOKUP($D73&$J73,target_columns[],7,0),"") -> No | G73: =IFERROR(VLOOKUP($D73&$J73,target_columns[],8,0),"") -> No | H73: =IFERROR(VLOOKUP($D73&$J73,target_columns[],5,0),"") -> NULL | I73: =IFERROR(VLOOKUP($D73&$J73,target_columns[],10,0),"") -> Код типа заявки | J73: APPL_TYPE_CD | K73: b3060000410002_createrkoext | L73: =IFERROR(VLOOKUP(UPPER(K73&N73),source_columns[],4,0),"") | M73: =IFERROR(VLOOKUP(UPPER(K73&N73),source_columns[],7,0),"") | N73: operationType | Q73: ="n306000041_"&IFERROR(VLOOKUP(D73,target_tables[],5,0),"<not found>") -> n306000041_APPL_TYPE | R73: - | T73: Сорокин М. Б. | U73: 45370
A74: 740 | D74: T_SRC_SYSTEM_TYPE | E74: =IFERROR(VLOOKUP($D74&$J74,target_columns[],4,0),"") -> uuid | F74: =IFERROR(VLOOKUP($D74&$J74,target_columns[],7,0),"") -> Yes | G74: =IFERROR(VLOOKUP($D74&$J74,target_columns[],8,0),"") -> No | H74: =IFERROR(VLOOKUP($D74&$J74,target_columns[],5,0),"") -> NOT NULL | I74: =IFERROR(VLOOKUP($D74&$J74,target_columns[],10,0),"") -> Идентификатор внешней системы | J74: SRC_SYSTEM_TYPE_ID | K74: b3060000410002_createrkoext | L74: =IFERROR(VLOOKUP(UPPER(K74&N74),source_columns[],4,0),"") | M74: =IFERROR(VLOOKUP(UPPER(K74&N74),source_columns[],7,0),"") | N74: spName_uid | P74: SELECT DISTINCT spname,spname_uid FROM b3060000410002_createrkoext where spname is not null | Q74: ="n306000041_"&IFERROR(VLOOKUP(D74,target_tables[],5,0),"<not found>") -> n306000041_SRC_SYSTEM_TYPE | R74: Ключ | S74: Снимок-снимок с накоплением | T74: Сорокин М. Б. | U74: 45370
A75: 750 | D75: T_SRC_SYSTEM_TYPE | E75: =IFERROR(VLOOKUP($D75&$J75,target_columns[],4,0),"") -> text | F75: =IFERROR(VLOOKUP($D75&$J75,target_columns[],7,0),"") -> No | G75: =IFERROR(VLOOKUP($D75&$J75,target_columns[],8,0),"") -> No | H75: =IFERROR(VLOOKUP($D75&$J75,target_columns[],5,0),"") -> NULL | I75: =IFERROR(VLOOKUP($D75&$J75,target_columns[],10,0),"") -> Код внешней системы | J75: SRC_SYSTEM_TYPE_CD | K75: b3060000410002_createrkoext | L75: =IFERROR(VLOOKUP(UPPER(K75&N75),source_columns[],4,0),"") | M75: =IFERROR(VLOOKUP(UPPER(K75&N75),source_columns[],7,0),"") | N75: spName | Q75: ="n306000041_"&IFERROR(VLOOKUP(D75,target_tables[],5,0),"<not found>") -> n306000041_SRC_SYSTEM_TYPE | R75: - | T75: Сорокин М. Б. | U75: 45370
A76: 760 | D76: T_CHNL_TYPE | E76: =IFERROR(VLOOKUP($D76&$J76,target_columns[],4,0),"") -> uuid | F76: =IFERROR(VLOOKUP($D76&$J76,target_columns[],7,0),"") -> Yes | G76: =IFERROR(VLOOKUP($D76&$J76,target_columns[],8,0),"") -> No | H76: =IFERROR(VLOOKUP($D76&$J76,target_columns[],5,0),"") -> NOT NULL | I76: =IFERROR(VLOOKUP($D76&$J76,target_columns[],10,0),"") -> Уникальный идентификатор вида канала | J76: CHNL_TYPE_ID | K76: b3060000410002_createrkoext | L76: =IFERROR(VLOOKUP(UPPER(K76&N76),source_columns[],4,0),"") | M76: =IFERROR(VLOOKUP(UPPER(K76&N76),source_columns[],7,0),"") | N76: channel_uid | P76: SELECT DISTINCT channel_uid,channel FROM b3060000410002_createrkoext where channel is not null | Q76: ="n306000041_"&IFERROR(VLOOKUP(D76,target_tables[],5,0),"<not found>") -> n306000041_CHNL_TYPE | R76: Ключ | S76: Снимок-снимок с накоплением | T76: Сорокин М. Б. | U76: 45370
A77: 770 | D77: T_CHNL_TYPE | E77: =IFERROR(VLOOKUP($D77&$J77,target_columns[],4,0),"") -> text | F77: =IFERROR(VLOOKUP($D77&$J77,target_columns[],7,0),"") -> No | G77: =IFERROR(VLOOKUP($D77&$J77,target_columns[],8,0),"") -> No | H77: =IFERROR(VLOOKUP($D77&$J77,target_columns[],5,0),"") -> NULL | I77: =IFERROR(VLOOKUP($D77&$J77,target_columns[],10,0),"") -> Код вида канала | J77: CHNL_TYPE_CD | K77: b3060000410002_createrkoext | L77: =IFERROR(VLOOKUP(UPPER(K77&N77),source_columns[],4,0),"") | M77: =IFERROR(VLOOKUP(UPPER(K77&N77),source_columns[],7,0),"") | N77: channel | Q77: ="n306000041_"&IFERROR(VLOOKUP(D77,target_tables[],5,0),"<not found>") -> n306000041_CHNL_TYPE | R77: - | T77: Сорокин М. Б. | U77: 45370
A78: 780 | D78: T_APPL_STTS_TYPE | E78: =IFERROR(VLOOKUP($D78&$J78,target_columns[],4,0),"") -> uuid | F78: =IFERROR(VLOOKUP($D78&$J78,target_columns[],7,0),"") -> Yes | G78: =IFERROR(VLOOKUP($D78&$J78,target_columns[],8,0),"") -> No | H78: =IFERROR(VLOOKUP($D78&$J78,target_columns[],5,0),"") -> NOT NULL | I78: =IFERROR(VLOOKUP($D78&$J78,target_columns[],10,0),"") -> Идентификатор статуса заявки события | J78: APPL_STTS_TYPE_ID | K78: b3060000410013_Status | L78: =IFERROR(VLOOKUP(UPPER(K78&N78),source_columns[],4,0),"") | M78: =IFERROR(VLOOKUP(UPPER(K78&N78),source_columns[],7,0),"") | N78: ObjectID_uid | Q78: ="n306000041_"&IFERROR(VLOOKUP(D78,target_tables[],5,0),"<not found>") -> n306000041_APPL_STTS_TYPE | R78: Ключ | S78: Снимок-снимок с накоплением | T78: Сорокин М. Б. | U78: 45370
A79: 790 | D79: T_APPL_STTS_TYPE | E79: =IFERROR(VLOOKUP($D79&$J79,target_columns[],4,0),"") -> text | F79: =IFERROR(VLOOKUP($D79&$J79,target_columns[],7,0),"") -> No | G79: =IFERROR(VLOOKUP($D79&$J79,target_columns[],8,0),"") -> No | H79: =IFERROR(VLOOKUP($D79&$J79,target_columns[],5,0),"") -> NULL | I79: =IFERROR(VLOOKUP($D79&$J79,target_columns[],10,0),"") -> Код статуса заявки события | J79: APPL_STTS_TYPE_CD | K79: b3060000410013_Status | L79: =IFERROR(VLOOKUP(UPPER(K79&N79),source_columns[],4,0),"") | M79: =IFERROR(VLOOKUP(UPPER(K79&N79),source_columns[],7,0),"") | N79: code | Q79: ="n306000041_"&IFERROR(VLOOKUP(D79,target_tables[],5,0),"<not found>") -> n306000041_APPL_STTS_TYPE | R79: - | T79: Сорокин М. Б. | U79: 45370
A80: 800 | D80: T_APPL_STTS_TYPE | E80: =IFERROR(VLOOKUP($D80&$J80,target_columns[],4,0),"") -> text | F80: =IFERROR(VLOOKUP($D80&$J80,target_columns[],7,0),"") -> No | G80: =IFERROR(VLOOKUP($D80&$J80,target_columns[],8,0),"") -> No | H80: =IFERROR(VLOOKUP($D80&$J80,target_columns[],5,0),"") -> NULL | I80: =IFERROR(VLOOKUP($D80&$J80,target_columns[],10,0),"") -> Наименование статуса заявки события | J80: APPL_STTS_TYPE_NAME | K80: b3060000410013_Status | L80: =IFERROR(VLOOKUP(UPPER(K80&N80),source_columns[],4,0),"") | M80: =IFERROR(VLOOKUP(UPPER(K80&N80),source_columns[],7,0),"") | N80: name | Q80: ="n306000041_"&IFERROR(VLOOKUP(D80,target_tables[],5,0),"<not found>") -> n306000041_APPL_STTS_TYPE | R80: - | T80: Сорокин М. Б. | U80: 45370
A81: 810 | D81: T_APPL_STTS_TYPE | E81: =IFERROR(VLOOKUP($D81&$J81,target_columns[],4,0),"") -> bigint | F81: =IFERROR(VLOOKUP($D81&$J81,target_columns[],7,0),"") -> No | G81: =IFERROR(VLOOKUP($D81&$J81,target_columns[],8,0),"") -> No | H81: =IFERROR(VLOOKUP($D81&$J81,target_columns[],5,0),"") -> NULL | I81: =IFERROR(VLOOKUP($D81&$J81,target_columns[],10,0),"") -> Идентификатор статуса заявки события в системе-источнике | J81: HOST_APPL_STTS_TYPE_ID | K81: b3060000410013_Status | L81: =IFERROR(VLOOKUP(UPPER(K81&N81),source_columns[],4,0),"") | M81: =IFERROR(VLOOKUP(UPPER(K81&N81),source_columns[],7,0),"") | N81: objectid | Q81: ="n306000041_"&IFERROR(VLOOKUP(D81,target_tables[],5,0),"<not found>") -> n306000041_APPL_STTS_TYPE | R81: - | T81: Сорокин М. Б. | U81: 45370
A82: 820 | D82: T_AGR_RKO_STTS_TYPE | E82: =IFERROR(VLOOKUP($D82&$J82,target_columns[],4,0),"") -> uuid | F82: =IFERROR(VLOOKUP($D82&$J82,target_columns[],7,0),"") -> Yes | G82: =IFERROR(VLOOKUP($D82&$J82,target_columns[],8,0),"") -> No | H82: =IFERROR(VLOOKUP($D82&$J82,target_columns[],5,0),"") -> NOT NULL | I82: =IFERROR(VLOOKUP($D82&$J82,target_columns[],10,0),"") -> Идентификатор статуса заявки события | J82: AGR_RKO_STTS_TYPE_ID | K82: b3060000410005_productstatus | L82: =IFERROR(VLOOKUP(UPPER(K82&N82),source_columns[],4,0),"") | M82: =IFERROR(VLOOKUP(UPPER(K82&N82),source_columns[],7,0),"") | N82: ObjectID_uid | Q82: ="n306000041_"&IFERROR(VLOOKUP(D82,target_tables[],5,0),"<not found>") -> n306000041_AGR_RKO_STTS_TYPE | R82: Ключ | S82: Снимок-снимок с накоплением | T82: Сорокин М. Б. | U82: 45370
A83: 830 | D83: T_AGR_RKO_STTS_TYPE | E83: =IFERROR(VLOOKUP($D83&$J83,target_columns[],4,0),"") -> text | F83: =IFERROR(VLOOKUP($D83&$J83,target_columns[],7,0),"") -> No | G83: =IFERROR(VLOOKUP($D83&$J83,target_columns[],8,0),"") -> No | H83: =IFERROR(VLOOKUP($D83&$J83,target_columns[],5,0),"") -> NULL | I83: =IFERROR(VLOOKUP($D83&$J83,target_columns[],10,0),"") -> Код статуса заявки события | J83: AGR_RKO_STTS_TYPE_CD | K83: b3060000410005_productstatus | L83: =IFERROR(VLOOKUP(UPPER(K83&N83),source_columns[],4,0),"") | M83: =IFERROR(VLOOKUP(UPPER(K83&N83),source_columns[],7,0),"") | N83: ObjectID | Q83: ="n306000041_"&IFERROR(VLOOKUP(D83,target_tables[],5,0),"<not found>") -> n306000041_AGR_RKO_STTS_TYPE | R83: - | T83: Сорокин М. Б. | U83: 45370
A84: 840 | D84: T_AGR_RKO_STTS_TYPE | E84: =IFERROR(VLOOKUP($D84&$J84,target_columns[],4,0),"") -> text | F84: =IFERROR(VLOOKUP($D84&$J84,target_columns[],7,0),"") -> No | G84: =IFERROR(VLOOKUP($D84&$J84,target_columns[],8,0),"") -> No | H84: =IFERROR(VLOOKUP($D84&$J84,target_columns[],5,0),"") -> NULL | I84: =IFERROR(VLOOKUP($D84&$J84,target_columns[],10,0),"") -> Наименование статуса заявки события | J84: AGR_RKO_STTS_TYPE_NAME | K84: b3060000410005_productstatus | L84: =IFERROR(VLOOKUP(UPPER(K84&N84),source_columns[],4,0),"") | M84: =IFERROR(VLOOKUP(UPPER(K84&N84),source_columns[],7,0),"") | N84: name | Q84: ="n306000041_"&IFERROR(VLOOKUP(D84,target_tables[],5,0),"<not found>") -> n306000041_AGR_RKO_STTS_TYPE | R84: - | T84: Сорокин М. Б. | U84: 45370
A85: 850 | D85: t_agr_rko_limit_type | E85: =IFERROR(VLOOKUP($D85&$J85,target_columns[],4,0),"") -> uuid | F85: =IFERROR(VLOOKUP($D85&$J85,target_columns[],7,0),"") -> Yes | G85: =IFERROR(VLOOKUP($D85&$J85,target_columns[],8,0),"") -> No | H85: =IFERROR(VLOOKUP($D85&$J85,target_columns[],5,0),"") -> NOT NULL | I85: =IFERROR(VLOOKUP($D85&$J85,target_columns[],10,0),"") -> Идентификатор типа ограничения | J85: agr_rko_limit_type_id | K85: b3060000410010_RestrictionProductType | L85: =IFERROR(VLOOKUP(UPPER(K85&N85),source_columns[],4,0),"") | M85: =IFERROR(VLOOKUP(UPPER(K85&N85),source_columns[],7,0),"") | N85: ObjectID_uid | Q85: ="n306000041_"&IFERROR(VLOOKUP(D85,target_tables[],5,0),"<not found>") -> n306000041_agr_rko_limit_type | R85: Ключ | S85: Снимок-снимок с накоплением | T85: Сорокин М. Б. | U85: 45370
A86: 860 | D86: t_agr_rko_limit_type | E86: =IFERROR(VLOOKUP($D86&$J86,target_columns[],4,0),"") -> text | F86: =IFERROR(VLOOKUP($D86&$J86,target_columns[],7,0),"") -> No | G86: =IFERROR(VLOOKUP($D86&$J86,target_columns[],8,0),"") -> No | H86: =IFERROR(VLOOKUP($D86&$J86,target_columns[],5,0),"") -> NULL | I86: =IFERROR(VLOOKUP($D86&$J86,target_columns[],10,0),"") -> Код типа ограничения | J86: agr_rko_limit_type_cd | K86: b3060000410010_RestrictionProductType | L86: =IFERROR(VLOOKUP(UPPER(K86&N86),source_columns[],4,0),"") | M86: =IFERROR(VLOOKUP(UPPER(K86&N86),source_columns[],7,0),"") | N86: ObjectID | Q86: ="n306000041_"&IFERROR(VLOOKUP(D86,target_tables[],5,0),"<not found>") -> n306000041_agr_rko_limit_type | R86: - | T86: Сорокин М. Б. | U86: 45370
A87: 870 | D87: t_agr_rko_limit_type | E87: =IFERROR(VLOOKUP($D87&$J87,target_columns[],4,0),"") -> text | F87: =IFERROR(VLOOKUP($D87&$J87,target_columns[],7,0),"") -> No | G87: =IFERROR(VLOOKUP($D87&$J87,target_columns[],8,0),"") -> No | H87: =IFERROR(VLOOKUP($D87&$J87,target_columns[],5,0),"") -> NULL | I87: =IFERROR(VLOOKUP($D87&$J87,target_columns[],10,0),"") -> Наименование типа ограничения | J87: agr_rko_limit_type_name | K87: b3060000410010_RestrictionProductType | L87: =IFERROR(VLOOKUP(UPPER(K87&N87),source_columns[],4,0),"") | M87: =IFERROR(VLOOKUP(UPPER(K87&N87),source_columns[],7,0),"") | N87: name | Q87: ="n306000041_"&IFERROR(VLOOKUP(D87,target_tables[],5,0),"<not found>") -> n306000041_agr_rko_limit_type | R87: - | T87: Сорокин М. Б. | U87: 45370
A88: 880 | D88: t_crncy | E88: =IFERROR(VLOOKUP($D88&$J88,target_columns[],4,0),"") | F88: =IFERROR(VLOOKUP($D88&$J88,target_columns[],7,0),"") | G88: =IFERROR(VLOOKUP($D88&$J88,target_columns[],8,0),"") | H88: =IFERROR(VLOOKUP($D88&$J88,target_columns[],5,0),"") | I88: =IFERROR(VLOOKUP($D88&$J88,target_columns[],10,0),"") | J88: CRNCY_ID | K88: b3060000410007_currency | L88: =IFERROR(VLOOKUP(UPPER(K88&N88),source_columns[],4,0),"") | M88: =IFERROR(VLOOKUP(UPPER(K88&N88),source_columns[],7,0),"") | N88: ObjectID_uid | Q88: ="n306000041_"&IFERROR(VLOOKUP(D88,target_tables[],5,0),"<not found>") -> n306000041_crncy | R88: Ключ | S88: Снимок-снимок с накоплением | T88: Сорокин М. Б. | U88: 45370
A89: 890 | D89: t_crncy | E89: =IFERROR(VLOOKUP($D89&$J89,target_columns[],4,0),"") | F89: =IFERROR(VLOOKUP($D89&$J89,target_columns[],7,0),"") | G89: =IFERROR(VLOOKUP($D89&$J89,target_columns[],8,0),"") | H89: =IFERROR(VLOOKUP($D89&$J89,target_columns[],5,0),"") | I89: =IFERROR(VLOOKUP($D89&$J89,target_columns[],10,0),"") | J89: CRNCY_ISO_CD | K89: b3060000410007_currency | L89: =IFERROR(VLOOKUP(UPPER(K89&N89),source_columns[],4,0),"") | M89: =IFERROR(VLOOKUP(UPPER(K89&N89),source_columns[],7,0),"") | N89: ObjectID | Q89: ="n306000041_"&IFERROR(VLOOKUP(D89,target_tables[],5,0),"<not found>") -> n306000041_crncy | R89: - | T89: Сорокин М. Б. | U89: 45370
A90: 900 | D90: t_crncy | E90: =IFERROR(VLOOKUP($D90&$J90,target_columns[],4,0),"") | F90: =IFERROR(VLOOKUP($D90&$J90,target_columns[],7,0),"") | G90: =IFERROR(VLOOKUP($D90&$J90,target_columns[],8,0),"") | H90: =IFERROR(VLOOKUP($D90&$J90,target_columns[],5,0),"") | I90: =IFERROR(VLOOKUP($D90&$J90,target_columns[],10,0),"") | J90: CRNCY_NAME | K90: b3060000410007_currency | L90: =IFERROR(VLOOKUP(UPPER(K90&N90),source_columns[],4,0),"") | M90: =IFERROR(VLOOKUP(UPPER(K90&N90),source_columns[],7,0),"") | N90: name | Q90: ="n306000041_"&IFERROR(VLOOKUP(D90,target_tables[],5,0),"<not found>") -> n306000041_crncy | R90: - | T90: Сорокин М. Б. | U90: 45370
A91: 910 | D91: t_crncy | E91: =IFERROR(VLOOKUP($D91&$J91,target_columns[],4,0),"") -> text | F91: =IFERROR(VLOOKUP($D91&$J91,target_columns[],7,0),"") -> No | G91: =IFERROR(VLOOKUP($D91&$J91,target_columns[],8,0),"") -> No | H91: =IFERROR(VLOOKUP($D91&$J91,target_columns[],5,0),"") -> NULL | I91: =IFERROR(VLOOKUP($D91&$J91,target_columns[],10,0),"") -> Цифровой код валюты | J91: CRNCY_CD | K91: b3060000410007_currency | L91: =IFERROR(VLOOKUP(UPPER(K91&N91),source_columns[],4,0),"") -> text | M91: =IFERROR(VLOOKUP(UPPER(K91&N91),source_columns[],7,0),"") -> Цифровой код валюты из общероссийского классификатора валют | N91: num | Q91: ="n306000041_"&IFERROR(VLOOKUP(D91,target_tables[],5,0),"<not found>") -> n306000041_crncy | R91: - | T91: Сорокин М. Б. | U91: 45370
A92: 920 | D92: t_int_org | E92: =IFERROR(VLOOKUP($D92&$J92,target_columns[],4,0),"") -> uuid | F92: =IFERROR(VLOOKUP($D92&$J92,target_columns[],7,0),"") -> Yes | G92: =IFERROR(VLOOKUP($D92&$J92,target_columns[],8,0),"") -> No | H92: =IFERROR(VLOOKUP($D92&$J92,target_columns[],5,0),"") -> NOT NULL | I92: =IFERROR(VLOOKUP($D92&$J92,target_columns[],10,0),"") -> идентификатор подразделения | J92: int_org_id | K92: b3060000410004_product | L92: =IFERROR(VLOOKUP(UPPER(K92&N92),source_columns[],4,0),"") | M92: =IFERROR(VLOOKUP(UPPER(K92&N92),source_columns[],7,0),"") | N92: divisionId_uid | P92: select dividionid_uid,divisionid, max(ctl_action) ctl_action, max(workflow_run_id) workflow_run_id from ( select dividionid_uid,divisionid, ctl_action, workflow_run_id b3060000410004_product where divisionid is not null and ctl_action<>'D' union all select subdivisioncode_uid dividionid_uid, subdivisioncode divisionid, ctl_action, workflow_run_id from b3060000410016_depart where subdivisioncode is not null and ctl_action<>'D') b group by dividionid_uid,divisionid | Q92: ="n306000041_"&IFERROR(VLOOKUP(D92,target_tables[],5,0),"<not found>") -> n306000041_int_org | R92: Ключ | S92: Снимок-снимок с накоплением | T92: Сорокин М. Б. | U92: 45370
A93: 930 | D93: t_int_org | E93: =IFERROR(VLOOKUP($D93&$J93,target_columns[],4,0),"") -> text | F93: =IFERROR(VLOOKUP($D93&$J93,target_columns[],7,0),"") -> No | G93: =IFERROR(VLOOKUP($D93&$J93,target_columns[],8,0),"") -> No | H93: =IFERROR(VLOOKUP($D93&$J93,target_columns[],5,0),"") -> NULL | I93: =IFERROR(VLOOKUP($D93&$J93,target_columns[],10,0),"") -> внутренний номер огранизации, такой как номер филиала или номер рабочей группы | J93: int_org_num | K93: b3060000410004_product | L93: =IFERROR(VLOOKUP(UPPER(K93&N93),source_columns[],4,0),"") | M93: =IFERROR(VLOOKUP(UPPER(K93&N93),source_columns[],7,0),"") | N93: divisionId | Q93: ="n306000041_"&IFERROR(VLOOKUP(D93,target_tables[],5,0),"<not found>") -> n306000041_int_org | R93: - | T93: Сорокин М. Б. | U93: 45370
A94: 940 | D94: t_agr_rko_limit_stts | E94: =IFERROR(VLOOKUP($D94&$J94,target_columns[],4,0),"") -> uuid | F94: =IFERROR(VLOOKUP($D94&$J94,target_columns[],7,0),"") -> Yes | G94: =IFERROR(VLOOKUP($D94&$J94,target_columns[],8,0),"") -> No | H94: =IFERROR(VLOOKUP($D94&$J94,target_columns[],5,0),"") -> NOT NULL | I94: =IFERROR(VLOOKUP($D94&$J94,target_columns[],10,0),"") -> Уникальный идентификатор ограничения | J94: agr_rko_limit_id | K94: b3060000410009_RestrictionProduct | L94: =IFERROR(VLOOKUP(UPPER(K94&N94),source_columns[],4,0),"") | M94: =IFERROR(VLOOKUP(UPPER(K94&N94),source_columns[],7,0),"") | N94: ObjectID_uid | Q94: ="n306000041_"&IFERROR(VLOOKUP(D94,target_tables[],5,0),"<not found>") -> n306000041_arg_rko_limit_stts | R94: Ключ | S94: Снимок-история | T94: Сорокин М. Б. | U94: 45404
A95: 950 | D95: t_agr_rko_limit_stts | E95: =IFERROR(VLOOKUP($D95&$J95,target_columns[],4,0),"") -> uuid | F95: =IFERROR(VLOOKUP($D95&$J95,target_columns[],7,0),"") -> No | G95: =IFERROR(VLOOKUP($D95&$J95,target_columns[],8,0),"") -> Yes | H95: =IFERROR(VLOOKUP($D95&$J95,target_columns[],5,0),"") -> NULL | I95: =IFERROR(VLOOKUP($D95&$J95,target_columns[],10,0),"") -> Статус ограничения | J95: agr_rko_limit_stts_type_id | K95: b3060000410009_RestrictionProduct | L95: =IFERROR(VLOOKUP(UPPER(K95&N95),source_columns[],4,0),"") | M95: =IFERROR(VLOOKUP(UPPER(K95&N95),source_columns[],7,0),"") | N95: inactive | O95: case when inactive then '00000000-0000-0000-0000-0000fffffc17'::uuid else '00000000-0000-0000-0000-0000fffffc16'::uuid end | Q95: ="n306000041_"&IFERROR(VLOOKUP(D95,target_tables[],5,0),"<not found>") -> n306000041_arg_rko_limit_stts | R95: - | T95: Сорокин М. Б. | U95: 45404
A96: 960 | D96: t_agr_rko_limit_stts | E96: =IFERROR(VLOOKUP($D96&$J96,target_columns[],4,0),"") -> date | F96: =IFERROR(VLOOKUP($D96&$J96,target_columns[],7,0),"") -> No | G96: =IFERROR(VLOOKUP($D96&$J96,target_columns[],8,0),"") -> No | H96: =IFERROR(VLOOKUP($D96&$J96,target_columns[],5,0),"") -> NULL | I96: =IFERROR(VLOOKUP($D96&$J96,target_columns[],10,0),"") -> Дата начала статус | J96: start_dt | K96: b3060000410009_RestrictionProduct | L96: =IFERROR(VLOOKUP(UPPER(K96&N96),source_columns[],4,0),"") | M96: =IFERROR(VLOOKUP(UPPER(K96&N96),source_columns[],7,0),"") | N96: ctl_validfrom | Q96: ="n306000041_"&IFERROR(VLOOKUP(D96,target_tables[],5,0),"<not found>") -> n306000041_arg_rko_limit_stts | R96: Начало | T96: Сорокин М. Б. | U96: 45404
A97: 970 | D97: t_agr_rko_limit_stts | E97: =IFERROR(VLOOKUP($D97&$J97,target_columns[],4,0),"") -> date | F97: =IFERROR(VLOOKUP($D97&$J97,target_columns[],7,0),"") -> No | G97: =IFERROR(VLOOKUP($D97&$J97,target_columns[],8,0),"") -> No | H97: =IFERROR(VLOOKUP($D97&$J97,target_columns[],5,0),"") -> NULL | I97: =IFERROR(VLOOKUP($D97&$J97,target_columns[],10,0),"") -> Дата окончания статуса | J97: end_dt | K97: b3060000410009_RestrictionProduct | L97: =IFERROR(VLOOKUP(UPPER(K97&N97),source_columns[],4,0),"") | M97: =IFERROR(VLOOKUP(UPPER(K97&N97),source_columns[],7,0),"") | N97: ETL | Q97: ="n306000041_"&IFERROR(VLOOKUP(D97,target_tables[],5,0),"<not found>") -> n306000041_arg_rko_limit_stts | R97: Конец | T97: Сорокин М. Б. | U97: 45404
A98: 980 | D98: t_agr_rko_idfn | E98: =IFERROR(VLOOKUP($D98&$J98, target_columns[], 4, 0),"") -> DATE | F98: =IFERROR(VLOOKUP($D98&$J98, target_columns[], 7, 0),"") -> Yes | G98: =IFERROR(VLOOKUP($D98&$J98, target_columns[], 8, 0),"") -> No | H98: =IFERROR(VLOOKUP($D98&$J98, target_columns[], 5, 0),"") -> NOT NULL | I98: =IFERROR(VLOOKUP($D98&$J98, target_columns[], 10, 0),"") -> Дата начала действия | J98: start_dt | K98: b3060000410004_product | N98: ctl_validfrom | O98: Заполняется в соответствии с СОД Снимок-История. Первая запись в истории должна иметь значение MinDate | Q98: ="n306000041_"&IFERROR(VLOOKUP(D98,target_tables[],5,0),"<not found>") -> n306000041_agr_rko_idfn | R98: Начало | S98: Снимок-история | T98: Масальцева Э.М. | U98: 45975
A99: 990 | D99: t_agr_rko_idfn | E99: =IFERROR(VLOOKUP($D99&$J99,target_columns[],4,0),"") -> DATE | F99: =IFERROR(VLOOKUP($D99&$J99,target_columns[],7,0),"") -> No | G99: =IFERROR(VLOOKUP($D99&$J99,target_columns[],8,0),"") -> No | H99: =IFERROR(VLOOKUP($D99&$J99,target_columns[],5,0),"") -> NULL | I99: =IFERROR(VLOOKUP($D99&$J99,target_columns[],10,0),"") -> Дата окончания действия | J99: end_dt | K99: b3060000410004_product | N99: ETL | O99: Заполняется в соответствии с СОД Снимок-История | Q99: ="n306000041_"&IFERROR(VLOOKUP(D99,target_tables[],5,0),"<not found>") -> n306000041_agr_rko_idfn | R99: Конец | T99: Масальцева Э.М. | U99: 45975
A100: 1000 | D100: t_agr_rko_idfn | E100: =IFERROR(VLOOKUP($D100&$J100,target_columns[],4,0),"") -> UUID | F100: =IFERROR(VLOOKUP($D100&$J100,target_columns[],7,0),"") -> No | G100: =IFERROR(VLOOKUP($D100&$J100,target_columns[],8,0),"") -> Yes | H100: =IFERROR(VLOOKUP($D100&$J100,target_columns[],5,0),"") -> NULL | I100: =IFERROR(VLOOKUP($D100&$J100,target_columns[],10,0),"") -> Идентификатор назначения договора | J100: rko_purpose_type_id | K100: b3060000410004_product | L100: =IFERROR(VLOOKUP(UPPER(K100&N100),source_columns[],4,0),"") | M100: =IFERROR(VLOOKUP(UPPER(K100&N100),source_columns[],7,0),"") | N100: Target_short_foreign_key_uid | Q100: ="n306000041_"&IFERROR(VLOOKUP(D100,target_tables[],5,0),"<not found>") -> n306000041_agr_rko_idfn | R100: - | T100: Масальцева Э.М. | U100: 45975
A101: 1010 | D101: t_agr_rko_idfn | E101: =IFERROR(VLOOKUP($D101&$J101,target_columns[],4,0),"") -> UUID | F101: =IFERROR(VLOOKUP($D101&$J101,target_columns[],7,0),"") -> Yes | G101: =IFERROR(VLOOKUP($D101&$J101,target_columns[],8,0),"") -> Yes | H101: =IFERROR(VLOOKUP($D101&$J101,target_columns[],5,0),"") -> NOT NULL | I101: =IFERROR(VLOOKUP($D101&$J101,target_columns[],10,0),"") -> Идентификатор договора | J101: agr_rko_id | K101: b3060000410004_product | L101: =IFERROR(VLOOKUP(UPPER(K101&N101),source_columns[],4,0),"") | M101: =IFERROR(VLOOKUP(UPPER(K101&N101),source_columns[],7,0),"") | N101: ObjectID_uid | Q101: ="n306000041_"&IFERROR(VLOOKUP(D101,target_tables[],5,0),"<not found>") -> n306000041_agr_rko_idfn | R101: Ключ | T101: Масальцева Э.М. | U101: 45975
...

Sheet Source columns
D1: =COLUMN() -> 4 | E1: =COLUMN() -> 5 | F1: =COLUMN() -> 6 | G1: =COLUMN() -> 7 | I1: Проверка соответствия типов S2T
A2: Seek | B2: Название таблицы STAGE | C2: Название поля | D2: Тип поля | E2: Первичный ключ | F2: NULL? | G2: Описание поля | H2: Описание таблицы | I2: Seek | J2: Тип поля | K2: Результат
A3: =source_columns[[#This Row],[Название таблицы STAGE]]&source_columns[[#This Row],[Название поля]] -> b3060000410001_registerObjectID | B3: b3060000410001_register | C3: ObjectID | D3: bigint | E3: Yes | F3: NOT NULL | G3: Уникальный идентификатор | H3: Регистры | K3: =IF(I3="","",IF(ISNA(VLOOKUP(I3,$A$3:$D$117,4,FALSE)),"Ошибка. Seek не найден",IF(VLOOKUP(I3,$A$3:$D$117,4,FALSE)=J3,"ОК","Ошибка. Тип данных в S2T: "&VLOOKUP(I3,$A$3:$D$117,4,FALSE))))
A4: =source_columns[[#This Row],[Название таблицы STAGE]]&source_columns[[#This Row],[Название поля]] -> b3060000410001_registerbeginDate | B4: b3060000410001_register | C4: beginDate | D4: timestamp | E4: No | F4: NULL | G4: Дата открытия | K4: =IF(I4="","",IF(ISNA(VLOOKUP(I4,$A$3:$D$117,4,FALSE)),"Ошибка. Seek не найден",IF(VLOOKUP(I4,$A$3:$D$117,4,FALSE)=J4,"ОК","Ошибка. Тип данных в S2T: "&VLOOKUP(I4,$A$3:$D$117,4,FALSE))))
A5: =source_columns[[#This Row],[Название таблицы STAGE]]&source_columns[[#This Row],[Название поля]] -> b3060000410001_registerendDate | B5: b3060000410001_register | C5: endDate | D5: timestamp | E5: No | F5: NULL | G5: Дата закрытия | K5: =IF(I5="","",IF(ISNA(VLOOKUP(I5,$A$3:$D$117,4,FALSE)),"Ошибка. Seek не найден",IF(VLOOKUP(I5,$A$3:$D$117,4,FALSE)=J5,"ОК","Ошибка. Тип данных в S2T: "&VLOOKUP(I5,$A$3:$D$117,4,FALSE))))
A6: =source_columns[[#This Row],[Название таблицы STAGE]]&source_columns[[#This Row],[Название поля]] -> b3060000410001_registercurrency_short_foreign_key_uid | B6: b3060000410001_register | C6: currency_short_foreign_key_uid | D6: uuid | E6: No | F6: NULL | G6: Валюта | K6: =IF(I6="","",IF(ISNA(VLOOKUP(I6,$A$3:$D$117,4,FALSE)),"Ошибка. Seek не найден",IF(VLOOKUP(I6,$A$3:$D$117,4,FALSE)=J6,"ОК","Ошибка. Тип данных в S2T: "&VLOOKUP(I6,$A$3:$D$117,4,FALSE))))
A7: =source_columns[[#This Row],[Название таблицы STAGE]]&source_columns[[#This Row],[Название поля]] -> b3060000410001_registercurrency_short_foreign_key | B7: b3060000410001_register | C7: currency_short_foreign_key | D7: text | E7: No | F7: NULL | G7: Валюта | K7: =IF(I7="","",IF(ISNA(VLOOKUP(I7,$A$3:$D$117,4,FALSE)),"Ошибка. Seek не найден",IF(VLOOKUP(I7,$A$3:$D$117,4,FALSE)=J7,"ОК","Ошибка. Тип данных в S2T: "&VLOOKUP(I7,$A$3:$D$117,4,FALSE))))
A8: =source_columns[[#This Row],[Название таблицы STAGE]]&source_columns[[#This Row],[Название поля]] -> b3060000410001_registernumber | B8: b3060000410001_register | C8: number | D8: text | E8: No | F8: NULL | G8: Номер счета | K8: =IF(I8="","",IF(ISNA(VLOOKUP(I8,$A$3:$D$117,4,FALSE)),"Ошибка. Seek не найден",IF(VLOOKUP(I8,$A$3:$D$117,4,FALSE)=J8,"ОК","Ошибка. Тип данных в S2T: "&VLOOKUP(I8,$A$3:$D$117,4,FALSE))))
A9: =source_columns[[#This Row],[Название таблицы STAGE]]&source_columns[[#This Row],[Название поля]] -> b3060000410001_registerObjectID_uid | B9: b3060000410001_register | C9: ObjectID_uid | D9: uuid | E9: No | F9: NULL | K9: =IF(I9="","",IF(ISNA(VLOOKUP(I9,$A$3:$D$117,4,FALSE)),"Ошибка. Seek не найден",IF(VLOOKUP(I9,$A$3:$D$117,4,FALSE)=J9,"ОК","Ошибка. Тип данных в S2T: "&VLOOKUP(I9,$A$3:$D$117,4,FALSE))))
A10: =source_columns[[#This Row],[Название таблицы STAGE]]&source_columns[[#This Row],[Название поля]] -> b3060000410001_registerproduct_short_foreign_key | B10: b3060000410001_register | C10: product_short_foreign_key | D10: bigint | E10: No | F10: NULL | G10: Договор | K10: =IF(I10="","",IF(ISNA(VLOOKUP(I10,$A$3:$D$117,4,FALSE)),"Ошибка. Seek не найден",IF(VLOOKUP(I10,$A$3:$D$117,4,FALSE)=J10,"ОК","Ошибка. Тип данных в S2T: "&VLOOKUP(I10,$A$3:$D$117,4,FALSE))))
A11: =source_columns[[#This Row],[Название таблицы STAGE]]&source_columns[[#This Row],[Название поля]] -> b3060000410001_registerproduct_short_foreign_key_uid | B11: b3060000410001_register | C11: product_short_foreign_key_uid | D11: uuid | E11: No | F11: NULL | G11: Договор | K11: =IF(I11="","",IF(ISNA(VLOOKUP(I11,$A$3:$D$117,4,FALSE)),"Ошибка. Seek не найден",IF(VLOOKUP(I11,$A$3:$D$117,4,FALSE)=J11,"ОК","Ошибка. Тип данных в S2T: "&VLOOKUP(I11,$A$3:$D$117,4,FALSE))))
A12: =source_columns[[#This Row],[Название таблицы STAGE]]&source_columns[[#This Row],[Название поля]] -> b3060000410001_registerregisterType_short_foreign_key | B12: b3060000410001_register | C12: registerType_short_foreign_key | D12: text | E12: No | F12: NULL | G12: Тип регистра | K12: =IF(I12="","",IF(ISNA(VLOOKUP(I12,$A$3:$D$117,4,FALSE)),"Ошибка. Seek не найден",IF(VLOOKUP(I12,$A$3:$D$117,4,FALSE)=J12,"ОК","Ошибка. Тип данных в S2T: "&VLOOKUP(I12,$A$3:$D$117,4,FALSE))))
A13: =source_columns[[#This Row],[Название таблицы STAGE]]&source_columns[[#This Row],[Название поля]] -> b3060000410001_registerstatus_short_foreign_key_uid | B13: b3060000410001_register | C13: status_short_foreign_key_uid | D13: uuid | E13: No | F13: NULL | G13: Статус регистра
A14: =source_columns[[#This Row],[Название таблицы STAGE]]&source_columns[[#This Row],[Название поля]] -> b3060000410001_registerregisterType_short_foreign_key_uid | B14: b3060000410001_register | C14: registerType_short_foreign_key_uid | D14: uuid | E14: No | F14: NULL | G14: Тип регистра | K14: =IF(I14="","",IF(ISNA(VLOOKUP(I14,$A$3:$D$117,4,FALSE)),"Ошибка. Seek не найден",IF(VLOOKUP(I14,$A$3:$D$117,4,FALSE)=J14,"ОК","Ошибка. Тип данных в S2T: "&VLOOKUP(I14,$A$3:$D$117,4,FALSE))))
A15: =source_columns[[#This Row],[Название таблицы STAGE]]&source_columns[[#This Row],[Название поля]] -> b3060000410001_registerstatus_short_foreign_key | B15: b3060000410001_register | C15: status_short_foreign_key | D15: text | E15: No | F15: NULL | G15: Статус регистра
A16: =source_columns[[#This Row],[Название таблицы STAGE]]&source_columns[[#This Row],[Название поля]] -> b3060000410002_createrkoextObjectID | B16: b3060000410002_createrkoext | C16: ObjectID | D16: bigint | E16: Yes | F16: NOT NULL | G16: Уникальный идентификатор | H16: Заявки на РКО
A17: =source_columns[[#This Row],[Название таблицы STAGE]]&source_columns[[#This Row],[Название поля]] -> b3060000410002_createrkoexterrCode | B17: b3060000410002_createrkoext | C17: errCode | D17: text | E17: No | F17: NULL | G17: Код ошибки | K17: =IF(I17="","",IF(ISNA(VLOOKUP(I17,$A$3:$D$117,4,FALSE)),"Ошибка. Seek не найден",IF(VLOOKUP(I17,$A$3:$D$117,4,FALSE)=J17,"ОК","Ошибка. Тип данных в S2T: "&VLOOKUP(I17,$A$3:$D$117,4,FALSE))))
A18: =source_columns[[#This Row],[Название таблицы STAGE]]&source_columns[[#This Row],[Название поля]] -> b3060000410002_createrkoextchannel | B18: b3060000410002_createrkoext | C18: channel | D18: text | E18: No | F18: NULL | G18: Наименование канала | K18: =IF(I18="","",IF(ISNA(VLOOKUP(I18,$A$3:$D$117,4,FALSE)),"Ошибка. Seek не найден",IF(VLOOKUP(I18,$A$3:$D$117,4,FALSE)=J18,"ОК","Ошибка. Тип данных в S2T: "&VLOOKUP(I18,$A$3:$D$117,4,FALSE))))
A19: =source_columns[[#This Row],[Название таблицы STAGE]]&source_columns[[#This Row],[Название поля]] -> b3060000410002_createrkoextchannel_uid | B19: b3060000410002_createrkoext | C19: channel_uid | D19: uuid | E19: No | F19: NULL | G19: Наименование канала | K19: =IF(I19="","",IF(ISNA(VLOOKUP(I19,$A$3:$D$117,4,FALSE)),"Ошибка. Seek не найден",IF(VLOOKUP(I19,$A$3:$D$117,4,FALSE)=J19,"ОК","Ошибка. Тип данных в S2T: "&VLOOKUP(I19,$A$3:$D$117,4,FALSE))))
A20: =source_columns[[#This Row],[Название таблицы STAGE]]&source_columns[[#This Row],[Название поля]] -> b3060000410002_createrkoextcreatedProduct_entityId | B20: b3060000410002_createrkoext | C20: createdProduct_entityId | D20: bigint | E20: No | F20: NULL | G20: Договор | K20: =IF(I20="","",IF(ISNA(VLOOKUP(I20,$A$3:$D$117,4,FALSE)),"Ошибка. Seek не найден",IF(VLOOKUP(I20,$A$3:$D$117,4,FALSE)=J20,"ОК","Ошибка. Тип данных в S2T: "&VLOOKUP(I20,$A$3:$D$117,4,FALSE))))
A21: =source_columns[[#This Row],[Название таблицы STAGE]]&source_columns[[#This Row],[Название поля]] -> b3060000410002_createrkoextoperationType_uid | B21: b3060000410002_createrkoext | C21: operationType_uid | D21: uuid | E21: No | F21: NULL | G21: Тип операции | K21: =IF(I21="","",IF(ISNA(VLOOKUP(I21,$A$3:$D$117,4,FALSE)),"Ошибка. Seek не найден",IF(VLOOKUP(I21,$A$3:$D$117,4,FALSE)=J21,"ОК","Ошибка. Тип данных в S2T: "&VLOOKUP(I21,$A$3:$D$117,4,FALSE))))
A22: =source_columns[[#This Row],[Название таблицы STAGE]]&source_columns[[#This Row],[Название поля]] -> b3060000410002_createrkoextrqtm | B22: b3060000410002_createrkoext | C22: rqtm | D22: timestamp | E22: No | F22: NULL | G22: Дата заявки | K22: =IF(I22="","",IF(ISNA(VLOOKUP(I22,$A$3:$D$117,4,FALSE)),"Ошибка. Seek не найден",IF(VLOOKUP(I22,$A$3:$D$117,4,FALSE)=J22,"ОК","Ошибка. Тип данных в S2T: "&VLOOKUP(I22,$A$3:$D$117,4,FALSE))))
A23: =source_columns[[#This Row],[Название таблицы STAGE]]&source_columns[[#This Row],[Название поля]] -> b3060000410002_createrkoextstatusForRko_short_foreign_key | B23: b3060000410002_createrkoext | C23: statusForRko_short_foreign_key | D23: bigint | E23: No | F23: NULL | G23: Статус заявки | K23: =IF(I23="","",IF(ISNA(VLOOKUP(I23,$A$3:$D$117,4,FALSE)),"Ошибка. Seek не найден",IF(VLOOKUP(I23,$A$3:$D$117,4,FALSE)=J23,"ОК","Ошибка. Тип данных в S2T: "&VLOOKUP(I23,$A$3:$D$117,4,FALSE))))
A24: =source_columns[[#This Row],[Название таблицы STAGE]]&source_columns[[#This Row],[Название поля]] -> b3060000410002_createrkoextstatusForRko_short_foreign_key_uid | B24: b3060000410002_createrkoext | C24: statusForRko_short_foreign_key_uid | D24: uuid | E24: No | F24: NULL | G24: Статус заявки | K24: =IF(I24="","",IF(ISNA(VLOOKUP(I24,$A$3:$D$117,4,FALSE)),"Ошибка. Seek не найден",IF(VLOOKUP(I24,$A$3:$D$117,4,FALSE)=J24,"ОК","Ошибка. Тип данных в S2T: "&VLOOKUP(I24,$A$3:$D$117,4,FALSE))))
A25: =source_columns[[#This Row],[Название таблицы STAGE]]&source_columns[[#This Row],[Название поля]] -> b3060000410002_createrkoextoperationType | B25: b3060000410002_createrkoext | C25: operationType | D25: text | E25: No | F25: NULL | G25: Тип операции | K25: =IF(I25="","",IF(ISNA(VLOOKUP(I25,$A$3:$D$117,4,FALSE)),"Ошибка. Seek не найден",IF(VLOOKUP(I25,$A$3:$D$117,4,FALSE)=J25,"ОК","Ошибка. Тип данных в S2T: "&VLOOKUP(I25,$A$3:$D$117,4,FALSE))))
A26: =source_columns[[#This Row],[Название таблицы STAGE]]&source_columns[[#This Row],[Название поля]] -> b3060000410002_createrkoextspName_uid | B26: b3060000410002_createrkoext | C26: spName_uid | D26: uuid | E26: No | F26: NULL | G26: Идентификатор системы, которая сформировала сообщение | K26: =IF(I26="","",IF(ISNA(VLOOKUP(I26,$A$3:$D$117,4,FALSE)),"Ошибка. Seek не найден",IF(VLOOKUP(I26,$A$3:$D$117,4,FALSE)=J26,"ОК","Ошибка. Тип данных в S2T: "&VLOOKUP(I26,$A$3:$D$117,4,FALSE))))
A27: =source_columns[[#This Row],[Название таблицы STAGE]]&source_columns[[#This Row],[Название поля]] -> b3060000410002_createrkoextspName | B27: b3060000410002_createrkoext | C27: spName | D27: text | E27: No | F27: NULL | G27: Идентификатор системы, которая сформировала сообщение | K27: =IF(I27="","",IF(ISNA(VLOOKUP(I27,$A$3:$D$117,4,FALSE)),"Ошибка. Seek не найден",IF(VLOOKUP(I27,$A$3:$D$117,4,FALSE)=J27,"ОК","Ошибка. Тип данных в S2T: "&VLOOKUP(I27,$A$3:$D$117,4,FALSE))))
A28: =source_columns[[#This Row],[Название таблицы STAGE]]&source_columns[[#This Row],[Название поля]] -> b3060000410002_createrkoextObjectID_uid | B28: b3060000410002_createrkoext | C28: ObjectID_uid | D28: uuid | E28: No | F28: NULL
A29: =source_columns[[#This Row],[Название таблицы STAGE]]&source_columns[[#This Row],[Название поля]] -> b3060000410003_partyObjectID | B29: b3060000410003_party | C29: ObjectID | D29: bigint | E29: Yes | F29: NOT NULL | G29: Уникальный идентификатор | H29: Клиенты
A30: =source_columns[[#This Row],[Название таблицы STAGE]]&source_columns[[#This Row],[Название поля]] -> b3060000410003_partyepkID | B30: b3060000410003_party | C30: epkID | D30: bigint | E30: No | F30: NULL | G30: ID карточки клиента (Организации/ИП) в ЕПК | K30: =IF(I30="","",IF(ISNA(VLOOKUP(I30,$A$3:$D$117,4,FALSE)),"Ошибка. Seek не найден",IF(VLOOKUP(I30,$A$3:$D$117,4,FALSE)=J30,"ОК","Ошибка. Тип данных в S2T: "&VLOOKUP(I30,$A$3:$D$117,4,FALSE))))
A31: =source_columns[[#This Row],[Название таблицы STAGE]]&source_columns[[#This Row],[Название поля]] -> b3060000410003_partyepkID_uuid | B31: b3060000410003_party | C31: epkID_uuid | D31: uuid | E31: No | F31: NULL | G31: ID карточки клиента (Организации/ИП) в ЕПК | K31: =IF(I31="","",IF(ISNA(VLOOKUP(I31,$A$3:$D$117,4,FALSE)),"Ошибка. Seek не найден",IF(VLOOKUP(I31,$A$3:$D$117,4,FALSE)=J31,"ОК","Ошибка. Тип данных в S2T: "&VLOOKUP(I31,$A$3:$D$117,4,FALSE))))
A32: =source_columns[[#This Row],[Название таблицы STAGE]]&source_columns[[#This Row],[Название поля]] -> b3060000410003_partycreateRkoExt_short_foreign_key | B32: b3060000410003_party | C32: createRkoExt_short_foreign_key | D32: bigint | E32: No | F32: NULL | G32: ID заявки | K32: =IF(I32="","",IF(ISNA(VLOOKUP(I32,$A$3:$D$117,4,FALSE)),"Ошибка. Seek не найден",IF(VLOOKUP(I32,$A$3:$D$117,4,FALSE)=J32,"ОК","Ошибка. Тип данных в S2T: "&VLOOKUP(I32,$A$3:$D$117,4,FALSE))))
A33: =source_columns[[#This Row],[Название таблицы STAGE]]&source_columns[[#This Row],[Название поля]] -> b3060000410003_partycreateRkoExt_short_foreign_key_uid | B33: b3060000410003_party | C33: createRkoExt_short_foreign_key_uid | D33: uuid | E33: No | F33: NULL | G33: ID заявки | K33: =IF(I33="","",IF(ISNA(VLOOKUP(I33,$A$3:$D$117,4,FALSE)),"Ошибка. Seek не найден",IF(VLOOKUP(I33,$A$3:$D$117,4,FALSE)=J33,"ОК","Ошибка. Тип данных в S2T: "&VLOOKUP(I33,$A$3:$D$117,4,FALSE))))
A34: =source_columns[[#This Row],[Название таблицы STAGE]]&source_columns[[#This Row],[Название поля]] -> b3060000410004_productObjectID | B34: b3060000410004_product | C34: ObjectID | D34: bigint | E34: Yes | F34: NOT NULL | G34: Уникальный идентификатор | H34: Договоры РКО | K34: =IF(I34="","",IF(ISNA(VLOOKUP(I34,$A$3:$D$117,4,FALSE)),"Ошибка. Seek не найден",IF(VLOOKUP(I34,$A$3:$D$117,4,FALSE)=J34,"ОК","Ошибка. Тип данных в S2T: "&VLOOKUP(I34,$A$3:$D$117,4,FALSE))))
A35: =source_columns[[#This Row],[Название таблицы STAGE]]&source_columns[[#This Row],[Название поля]] -> b3060000410004_productbeginDate | B35: b3060000410004_product | C35: beginDate | D35: timestamp | E35: No | F35: NULL | G35: Дата открытия | K35: =IF(I35="","",IF(ISNA(VLOOKUP(I35,$A$3:$D$117,4,FALSE)),"Ошибка. Seek не найден",IF(VLOOKUP(I35,$A$3:$D$117,4,FALSE)=J35,"ОК","Ошибка. Тип данных в S2T: "&VLOOKUP(I35,$A$3:$D$117,4,FALSE))))
A36: =source_columns[[#This Row],[Название таблицы STAGE]]&source_columns[[#This Row],[Название поля]] -> b3060000410004_productcloseDate | B36: b3060000410004_product | C36: closeDate | D36: timestamp | E36: No | F36: NULL | G36: Дата закрытия | K36: =IF(I36="","",IF(ISNA(VLOOKUP(I36,$A$3:$D$117,4,FALSE)),"Ошибка. Seek не найден",IF(VLOOKUP(I36,$A$3:$D$117,4,FALSE)=J36,"ОК","Ошибка. Тип данных в S2T: "&VLOOKUP(I36,$A$3:$D$117,4,FALSE))))
A37: =source_columns[[#This Row],[Название таблицы STAGE]]&source_columns[[#This Row],[Название поля]] -> b3060000410004_productcurrency_short_foreign_key | B37: b3060000410004_product | C37: currency_short_foreign_key | D37: text | E37: No | F37: NULL | G37: Валюта договора РКО | K37: =IF(I37="","",IF(ISNA(VLOOKUP(I37,$A$3:$D$117,4,FALSE)),"Ошибка. Seek не найден",IF(VLOOKUP(I37,$A$3:$D$117,4,FALSE)=J37,"ОК","Ошибка. Тип данных в S2T: "&VLOOKUP(I37,$A$3:$D$117,4,FALSE))))
A38: =source_columns[[#This Row],[Название таблицы STAGE]]&source_columns[[#This Row],[Название поля]] -> b3060000410004_productcurrency_short_foreign_key_uid | B38: b3060000410004_product | C38: currency_short_foreign_key_uid | D38: uuid | E38: No | F38: NULL | G38: Валюта договора РКО | K38: =IF(I38="","",IF(ISNA(VLOOKUP(I38,$A$3:$D$117,4,FALSE)),"Ошибка. Seek не найден",IF(VLOOKUP(I38,$A$3:$D$117,4,FALSE)=J38,"ОК","Ошибка. Тип данных в S2T: "&VLOOKUP(I38,$A$3:$D$117,4,FALSE))))
A39: =source_columns[[#This Row],[Название таблицы STAGE]]&source_columns[[#This Row],[Название поля]] -> b3060000410004_productdivisionId | B39: b3060000410004_product | C39: divisionId | D39: text | E39: No | F39: NULL | G39: Подразделение договора
A40: =source_columns[[#This Row],[Название таблицы STAGE]]&source_columns[[#This Row],[Название поля]] -> b3060000410004_productdivisionId_uid | B40: b3060000410004_product | C40: divisionId_uid | D40: uuid | E40: No | F40: NULL | G40: Подразделение договора
A41: =source_columns[[#This Row],[Название таблицы STAGE]]&source_columns[[#This Row],[Название поля]] -> b3060000410004_productendDate | B41: b3060000410004_product | C41: endDate | D41: timestamp | E41: No | F41: NULL | G41: Дата окончания
A42: =source_columns[[#This Row],[Название таблицы STAGE]]&source_columns[[#This Row],[Название поля]] -> b3060000410004_productnum | B42: b3060000410004_product | C42: num | D42: text | E42: No | F42: NULL | G42: Номер договора РКО | K42: =IF(I42="","",IF(ISNA(VLOOKUP(I42,$A$3:$D$117,4,FALSE)),"Ошибка. Seek не найден",IF(VLOOKUP(I42,$A$3:$D$117,4,FALSE)=J42,"ОК","Ошибка. Тип данных в S2T: "&VLOOKUP(I42,$A$3:$D$117,4,FALSE))))
A43: =source_columns[[#This Row],[Название таблицы STAGE]]&source_columns[[#This Row],[Название поля]] -> b3060000410004_productTarget_short_foreign_key | B43: b3060000410004_product | C43: Target_short_foreign_key | D43: text | E43: No | F43: NULL | G43: Целевое назначение счета
A44: =source_columns[[#This Row],[Название таблицы STAGE]]&source_columns[[#This Row],[Название поля]] -> b3060000410004_productTarget_short_foreign_key_uid | B44: b3060000410004_product | C44: Target_short_foreign_key_uid | D44: uuid | E44: No | F44: NULL | G44: Целевое назначение счета
A45: =source_columns[[#This Row],[Название таблицы STAGE]]&source_columns[[#This Row],[Название поля]] -> b3060000410004_productObjectID_uid | B45: b3060000410004_product | C45: ObjectID_uid | D45: uuid | E45: No | F45: NULL | G45: Уникальный идентификатор | K45: =IF(I45="","",IF(ISNA(VLOOKUP(I45,$A$3:$D$117,4,FALSE)),"Ошибка. Seek не найден",IF(VLOOKUP(I45,$A$3:$D$117,4,FALSE)=J45,"ОК","Ошибка. Тип данных в S2T: "&VLOOKUP(I45,$A$3:$D$117,4,FALSE))))
A46: =source_columns[[#This Row],[Название таблицы STAGE]]&source_columns[[#This Row],[Название поля]] -> b3060000410004_productownerEpkId_entityId | B46: b3060000410004_product | C46: ownerEpkId_entityId | D46: bigint | E46: No | F46: NULL | G46: ЕПК ID клиента | K46: =IF(I46="","",IF(ISNA(VLOOKUP(I46,$A$3:$D$117,4,FALSE)),"Ошибка. Seek не найден",IF(VLOOKUP(I46,$A$3:$D$117,4,FALSE)=J46,"ОК","Ошибка. Тип данных в S2T: "&VLOOKUP(I46,$A$3:$D$117,4,FALSE))))
A47: =source_columns[[#This Row],[Название таблицы STAGE]]&source_columns[[#This Row],[Название поля]] -> b3060000410004_productownerEpkId_entityId_uid | B47: b3060000410004_product | C47: ownerEpkId_entityId_uid | D47: uuid | E47: No | F47: NULL | G47: ЕПК ID клиента | K47: =IF(I47="","",IF(ISNA(VLOOKUP(I47,$A$3:$D$117,4,FALSE)),"Ошибка. Seek не найден",IF(VLOOKUP(I47,$A$3:$D$117,4,FALSE)=J47,"ОК","Ошибка. Тип данных в S2T: "&VLOOKUP(I47,$A$3:$D$117,4,FALSE))))
A48: =source_columns[[#This Row],[Название таблицы STAGE]]&source_columns[[#This Row],[Название поля]] -> b3060000410004_productstatusCode_short_foreign_key_uid | B48: b3060000410004_product | C48: statusCode_short_foreign_key_uid | D48: uuid | E48: No | F48: NULL | G48: Статус договора РКО | K48: =IF(I48="","",IF(ISNA(VLOOKUP(I48,$A$3:$D$117,4,FALSE)),"Ошибка. Seek не найден",IF(VLOOKUP(I48,$A$3:$D$117,4,FALSE)=J48,"ОК","Ошибка. Тип данных в S2T: "&VLOOKUP(I48,$A$3:$D$117,4,FALSE))))
A49: =source_columns[[#This Row],[Название таблицы STAGE]]&source_columns[[#This Row],[Название поля]] -> b3060000410004_productstatusCode_short_foreign_key | B49: b3060000410004_product | C49: statusCode_short_foreign_key | D49: text | E49: No | F49: NULL | G49: Статус договора РКО | K49: =IF(I49="","",IF(ISNA(VLOOKUP(I49,$A$3:$D$117,4,FALSE)),"Ошибка. Seek не найден",IF(VLOOKUP(I49,$A$3:$D$117,4,FALSE)=J49,"ОК","Ошибка. Тип данных в S2T: "&VLOOKUP(I49,$A$3:$D$117,4,FALSE))))
A50: =source_columns[[#This Row],[Название таблицы STAGE]]&source_columns[[#This Row],[Название поля]] -> b3060000410005_productstatusObjectID | B50: b3060000410005_productstatus | C50: ObjectID | D50: text | E50: Yes | F50: NOT NULL | G50: Уникальный идентификатор | H50: Статус договора | K50: =IF(I50="","",IF(ISNA(VLOOKUP(I50,$A$3:$D$117,4,FALSE)),"Ошибка. Seek не найден",IF(VLOOKUP(I50,$A$3:$D$117,4,FALSE)=J50,"ОК","Ошибка. Тип данных в S2T: "&VLOOKUP(I50,$A$3:$D$117,4,FALSE))))
A51: =source_columns[[#This Row],[Название таблицы STAGE]]&source_columns[[#This Row],[Название поля]] -> b3060000410005_productstatusObjectID_uid | B51: b3060000410005_productstatus | C51: ObjectID_uid | D51: uuid | E51: No | F51: NULL
A52: =source_columns[[#This Row],[Название таблицы STAGE]]&source_columns[[#This Row],[Название поля]] -> b3060000410005_productstatusname | B52: b3060000410005_productstatus | C52: name | D52: text | E52: No | F52: NULL | G52: Наименование
A53: =source_columns[[#This Row],[Название таблицы STAGE]]&source_columns[[#This Row],[Название поля]] -> b3060000410006_registertypeObjectID | B53: b3060000410006_registertype | C53: ObjectID | D53: text | E53: Yes | F53: NOT NULL | G53: Уникальный идентификатор | H53: Тип регистра
A54: =source_columns[[#This Row],[Название таблицы STAGE]]&source_columns[[#This Row],[Название поля]] -> b3060000410006_registertypeObjectID_uid | B54: b3060000410006_registertype | C54: ObjectID_uid | D54: uuid | E54: No | F54: NULL
A55: =source_columns[[#This Row],[Название таблицы STAGE]]&source_columns[[#This Row],[Название поля]] -> b3060000410006_registertypename | B55: b3060000410006_registertype | C55: name | D55: text | E55: No | F55: NULL | G55: Наименование регистра
A56: =source_columns[[#This Row],[Название таблицы STAGE]]&source_columns[[#This Row],[Название поля]] -> b3060000410007_currencyinternationalName | B56: b3060000410007_currency | C56: internationalName | D56: text | E56: No | F56: NULL | G56: Интернациональное наименование из EkpId | H56: Валюты | K56: =IF(I56="","",IF(ISNA(VLOOKUP(I56,$A$3:$D$117,4,FALSE)),"Ошибка. Seek не найден",IF(VLOOKUP(I56,$A$3:$D$117,4,FALSE)=J56,"ОК","Ошибка. Тип данных в S2T: "&VLOOKUP(I56,$A$3:$D$117,4,FALSE))))
A57: =source_columns[[#This Row],[Название таблицы STAGE]]&source_columns[[#This Row],[Название поля]] -> b3060000410007_currencymeasureCode | B57: b3060000410007_currency | C57: measureCode | D57: text | E57: No | F57: NULL | G57: Цифровой код валюты из EkpId
A58: =source_columns[[#This Row],[Название таблицы STAGE]]&source_columns[[#This Row],[Название поля]] -> b3060000410007_currencymeasureName | B58: b3060000410007_currency | C58: measureName | D58: text | E58: No | F58: NULL | G58: Русскоязычное наименование валюты из EkpId
A59: =source_columns[[#This Row],[Название таблицы STAGE]]&source_columns[[#This Row],[Название поля]] -> b3060000410007_currencyname | B59: b3060000410007_currency | C59: name | D59: text | E59: No | F59: NULL | G59: Русскоязычное наименование валюты
A60: =source_columns[[#This Row],[Название таблицы STAGE]]&source_columns[[#This Row],[Название поля]] -> b3060000410007_currencynum | B60: b3060000410007_currency | C60: num | D60: text | E60: No | F60: NULL | G60: Цифровой код валюты из общероссийского классификатора валют
A61: =source_columns[[#This Row],[Название таблицы STAGE]]&source_columns[[#This Row],[Название поля]] -> b3060000410007_currencyobjectId | B61: b3060000410007_currency | C61: objectId | D61: text | E61: Yes | F61: NOT NULL | G61: Прикладной ID объекта
A62: =source_columns[[#This Row],[Название таблицы STAGE]]&source_columns[[#This Row],[Название поля]] -> b3060000410007_currencyobjectId_uid | B62: b3060000410007_currency | C62: objectId_uid | D62: uuid | E62: No | F62: NULL
A63: =source_columns[[#This Row],[Название таблицы STAGE]]&source_columns[[#This Row],[Название поля]] -> b3060000410008_createrkoextresultaccountId | B63: b3060000410008_createrkoextresult | C63: accountId | D63: bigint | E63: No | F63: NULL | G63: Регистр | H63: Результат исполнения заявки
A64: =source_columns[[#This Row],[Название таблицы STAGE]]&source_columns[[#This Row],[Название поля]] -> b3060000410008_createrkoextresultaccountNum | B64: b3060000410008_createrkoextresult | C64: accountNum | D64: text | E64: No | F64: NULL | G64: Номер счета (расчетный или текущий)
A65: =source_columns[[#This Row],[Название таблицы STAGE]]&source_columns[[#This Row],[Название поля]] -> b3060000410008_createrkoextresultobjectId | B65: b3060000410008_createrkoextresult | C65: objectId | D65: bigint | E65: Yes | F65: NOT NULL | G65: Уникальный идентификатор
A66: =source_columns[[#This Row],[Название таблицы STAGE]]&source_columns[[#This Row],[Название поля]] -> b3060000410008_createrkoextresultcreaterkoext_short_foreign_key | B66: b3060000410008_createrkoextresult | C66: createrkoext_short_foreign_key | D66: bigint | E66: No | F66: NULL | G66: ID заявки
A67: =source_columns[[#This Row],[Название таблицы STAGE]]&source_columns[[#This Row],[Название поля]] -> b3060000410008_createrkoextresultobjectId_uid | B67: b3060000410008_createrkoextresult | C67: objectId_uid | D67: uuid | E67: No | F67: NULL
A68: =source_columns[[#This Row],[Название таблицы STAGE]]&source_columns[[#This Row],[Название поля]] -> b3060000410008_createrkoextresultaccountId_uid | B68: b3060000410008_createrkoextresult | C68: accountId_uid | D68: uuid | E68: No | F68: NULL | G68: Регистр
A69: =source_columns[[#This Row],[Название таблицы STAGE]]&source_columns[[#This Row],[Название поля]] -> b3060000410008_createrkoextresultproductPartyID | B69: b3060000410008_createrkoextresult | C69: productPartyID | D69: bigint | E69: No | F69: NULL | G69: ID продукта в ФСКК
A70: =source_columns[[#This Row],[Название таблицы STAGE]]&source_columns[[#This Row],[Название поля]] -> b3060000410008_createrkoextresultproductPartyID_uid | B70: b3060000410008_createrkoextresult | C70: productPartyID_uid | D70: uuid | E70: No | F70: NULL
A71: =source_columns[[#This Row],[Название таблицы STAGE]]&source_columns[[#This Row],[Название поля]] -> b3060000410009_RestrictionProductobjectId | B71: b3060000410009_RestrictionProduct | C71: objectId | D71: bigint | E71: Yes | F71: NOT NULL | G71: Уникальный идентификатор | H71: Ограничения на РКО
A72: =source_columns[[#This Row],[Название таблицы STAGE]]&source_columns[[#This Row],[Название поля]] -> b3060000410009_RestrictionProductobjectId_uid | B72: b3060000410009_RestrictionProduct | C72: objectId_uid | D72: uuid | E72: No | F72: NULL
A73: =source_columns[[#This Row],[Название таблицы STAGE]]&source_columns[[#This Row],[Название поля]] -> b3060000410009_RestrictionProductdateBegin | B73: b3060000410009_RestrictionProduct | C73: dateBegin | D73: timestamp | E73: No | F73: NULL | G73: Дата начала действия ограничения
A74: =source_columns[[#This Row],[Название таблицы STAGE]]&source_columns[[#This Row],[Название поля]] -> b3060000410009_RestrictionProductdateEnd | B74: b3060000410009_RestrictionProduct | C74: dateEnd | D74: timestamp | E74: No | F74: NULL | G74: Дата окончания действия ограничения
A75: =source_columns[[#This Row],[Название таблицы STAGE]]&source_columns[[#This Row],[Название поля]] -> b3060000410009_RestrictionProductinactive | B75: b3060000410009_RestrictionProduct | C75: inactive | D75: boolean | E75: No | F75: NULL | G75: Признак удаления ограничения
A76: =source_columns[[#This Row],[Название таблицы STAGE]]&source_columns[[#This Row],[Название поля]] -> b3060000410009_RestrictionProductproduct_short_foreign_key | B76: b3060000410009_RestrictionProduct | C76: product_short_foreign_key | D76: bigint | E76: No | F76: NULL | G76: Продукт-владелец ограничения
A77: =source_columns[[#This Row],[Название таблицы STAGE]]&source_columns[[#This Row],[Название поля]] -> b3060000410009_RestrictionProductproduct_short_foreign_key_uid | B77: b3060000410009_RestrictionProduct | C77: product_short_foreign_key_uid | D77: uuid | E77: No | F77: NULL | G77: Продукт-владелец ограничения
A78: =source_columns[[#This Row],[Название таблицы STAGE]]&source_columns[[#This Row],[Название поля]] -> b3060000410009_RestrictionProductreasonClose | B78: b3060000410009_RestrictionProduct | C78: reasonClose | D78: text | E78: No | F78: NULL | G78: Основание закрытия ограничения
A79: =source_columns[[#This Row],[Название таблицы STAGE]]&source_columns[[#This Row],[Название поля]] -> b3060000410009_RestrictionProductreasonDocDate | B79: b3060000410009_RestrictionProduct | C79: reasonDocDate | D79: timestamp | E79: No | F79: NULL | G79: Дата документа основания установки ограничения
A80: =source_columns[[#This Row],[Название таблицы STAGE]]&source_columns[[#This Row],[Название поля]] -> b3060000410009_RestrictionProductreasonDocNum | B80: b3060000410009_RestrictionProduct | C80: reasonDocNum | D80: text | E80: No | F80: NULL | G80: Номер документа основания
A81: =source_columns[[#This Row],[Название таблицы STAGE]]&source_columns[[#This Row],[Название поля]] -> b3060000410009_RestrictionProductreasonOpen | B81: b3060000410009_RestrictionProduct | C81: reasonOpen | D81: text | E81: No | F81: NULL | G81: Основание открытия ограничения
A82: =source_columns[[#This Row],[Название таблицы STAGE]]&source_columns[[#This Row],[Название поля]] -> b3060000410009_RestrictionProductrestrictionSumCurrency_short_foreign_key | B82: b3060000410009_RestrictionProduct | C82: restrictionSumCurrency_short_foreign_key | D82: text | E82: No | F82: NULL | G82: Валюта суммы ограничения
A83: =source_columns[[#This Row],[Название таблицы STAGE]]&source_columns[[#This Row],[Название поля]] -> b3060000410009_RestrictionProductrestrictionSumCurrency_short_foreign_key_uid | B83: b3060000410009_RestrictionProduct | C83: restrictionSumCurrency_short_foreign_key_uid | D83: uuid | E83: No | F83: NULL | G83: Валюта суммы ограничения
A84: =source_columns[[#This Row],[Название таблицы STAGE]]&source_columns[[#This Row],[Название поля]] -> b3060000410009_RestrictionProductrestrictionType_short_foreign_key | B84: b3060000410009_RestrictionProduct | C84: restrictionType_short_foreign_key | D84: text | E84: No | F84: NULL | G84: Тип ограничения
... A86: =source_columns[[#This Row],[Название таблицы STAGE]]&source_columns[[#This Row],[Название поля]] -> b3060000410009_RestrictionProductrestrictionType_short_foreign_key_uuid | B86: b3060000410009_RestrictionProduct | C86: restrictionType_short_foreign_key_uuid | D86: uuid | E86: No | F86: NULL | G86: Тип ограничения
A87: =source_columns[[#This Row],[Название таблицы STAGE]]&source_columns[[#This Row],[Название поля]] -> b3060000410010_RestrictionProductTypeobjectId | B87: b3060000410010_RestrictionProductType | C87: objectId | D87: text | E87: Yes | F87: NOT NULL | G87: Уникальный идентификатор | H87: Тип ограничений
A88: =source_columns[[#This Row],[Название таблицы STAGE]]&source_columns[[#This Row],[Название поля]] -> b3060000410010_RestrictionProductTypeobjectId_uid | B88: b3060000410010_RestrictionProductType | C88: objectId_uid | D88: uuid | E88: No | F88: NULL
A89: =source_columns[[#This Row],[Название таблицы STAGE]]&source_columns[[#This Row],[Название поля]] -> b3060000410010_RestrictionProductTypecode | B89: b3060000410010_RestrictionProductType | C89: code | D89: text | E89: No | F89: NULL | G89: Код ограничения
A90: =source_columns[[#This Row],[Название таблицы STAGE]]&source_columns[[#This Row],[Название поля]] -> b3060000410010_RestrictionProductTypename | B90: b3060000410010_RestrictionProductType | C90: name | D90: text | E90: No | F90: NULL | G90: Наименование ограничения
A91: =source_columns[[#This Row],[Название таблицы STAGE]]&source_columns[[#This Row],[Название поля]] -> b3060000410011_RegisterStatusobjectId | B91: b3060000410011_RegisterStatus | C91: objectId | D91: text | E91: Yes | F91: NOT NULL | G91: Уникальный идентификатор
A92: =source_columns[[#This Row],[Название таблицы STAGE]]&source_columns[[#This Row],[Название поля]] -> b3060000410011_RegisterStatusobjectId_uid | B92: b3060000410011_RegisterStatus | C92: objectId_uid | D92: uuid | E92: No | F92: NULL
A93: =source_columns[[#This Row],[Название таблицы STAGE]]&source_columns[[#This Row],[Название поля]] -> b3060000410011_RegisterStatusname | B93: b3060000410011_RegisterStatus | C93: name | D93: text | E93: No | F93: NULL | G93: Наименование элемента справочника
A94: =source_columns[[#This Row],[Название таблицы STAGE]]&source_columns[[#This Row],[Название поля]] -> b3060000410012_producttargetobjectId | B94: b3060000410012_producttarget | C94: objectId | D94: text | E94: Yes | F94: NOT NULL | G94: Уникальный идентификатор | H94: Справочник целевого назначения счета
A95: =source_columns[[#This Row],[Название таблицы STAGE]]&source_columns[[#This Row],[Название поля]] -> b3060000410012_producttargetobjectId_uid | B95: b3060000410012_producttarget | C95: objectId_uid | D95: uuid | E95: No | F95: NULL
A96: =source_columns[[#This Row],[Название таблицы STAGE]]&source_columns[[#This Row],[Название поля]] -> b3060000410012_producttargetname | B96: b3060000410012_producttarget | C96: name | D96: text | E96: No | F96: NULL | G96: Наименование элемента справочника
A97: =source_columns[[#This Row],[Название таблицы STAGE]]&source_columns[[#This Row],[Название поля]] -> b3060000410012_producttargetdescription | B97: b3060000410012_producttarget | C97: description | D97: text | E97: No | F97: NULL
A98: =source_columns[[#This Row],[Название таблицы STAGE]]&source_columns[[#This Row],[Название поля]] -> b3060000410013_StatusobjectId | B98: b3060000410013_Status | C98: objectId | D98: bigint | E98: Yes | F98: NOT NULL | G98: Уникальный идентификатор | H98: Справочник статусов
A99: =source_columns[[#This Row],[Название таблицы STAGE]]&source_columns[[#This Row],[Название поля]] -> b3060000410013_StatusobjectId_uid | B99: b3060000410013_Status | C99: objectId_uid | D99: uuid | E99: No | F99: NULL
A100: =source_columns[[#This Row],[Название таблицы STAGE]]&source_columns[[#This Row],[Название поля]] -> b3060000410013_Statusname | B100: b3060000410013_Status | C100: name | D100: text | E100: No | F100: NULL | G100: Название статуса
A101: =source_columns[[#This Row],[Название таблицы STAGE]]&source_columns[[#This Row],[Название поля]] -> b3060000410013_Statuscode | B101: b3060000410013_Status | C101: code | D101: text | E101: No | F101: NULL | G101: Код статуса
...

Sheet Target tables
D1: =COLUMN() -> 4 | E1: =COLUMN() -> 5
A2: Table Name | B2: Table Entity Definition | C2: Table Entity Note | D2: Table Is In Subject Area Name | E2: Суффикс N-таблицы
A3: t_agr_rko | B3: Договор РКО | E3: agr_rko
A4: t_agr_rko_cust | B4: Клиент договора РКО | E4: agr_rko_cust
A5: t_agr_rko_stts | B5: Статус договора РКО | E5: agr_rko_stts
A6: t_agr_rko_int_org | B6: Подразделение договора РКО | E6: agr_rko_int_org
A7: t_registry | B7: Регистр | E7: registry
A8: t_crncy | B8: Валюта | E8: crncy
A9: t_registry_type | B9: Тип регистра | E9: registry_type
A10: t_int_org | B10: Подразделения СБ РФ | E10: int_org
A11: T_REGISTRY_STTS | B11: Статус регистра | E11: REGISTRY_STTS
A12: t_appl | B12: Заявка на РКО | E12: appl
A13: t_appl_stts | B13: Статус заявки | E13: appl_stts
A14: t_arg_rko_limit | B14: Ограничения на РКО | E14: agr_rko_limit
... A24: t_agr_rko_idfn | B24: Идентификационные характеристики договора | E24: agr_rko_idfn

Sheet Target columns
D1: =COLUMN() -> 4 | E1: =COLUMN() -> 5 | F1: =COLUMN() -> 6 | G1: =COLUMN() -> 7 | H1: =COLUMN() -> 8 | I1: =COLUMN() -> 9 | J1: =COLUMN() -> 10 | K1: Проверка соответствия типов S2T
A2: Seek | B2: Column Table Name | C2: ColumnName | D2: Column Datatype | E2: Column Null Option | F2: Column Physical Only | G2: Column Is PK | H2: Column Is FK | I2: Column Attribute Definition | J2: Column Attribute Note | K2: Seek | L2: Тип поля | M2: Результат
A3: =target_columns[[#This Row],[Column Table Name]]&target_columns[[#This Row],[ColumnName]] -> t_agr_rkoopen_dt | B3: t_agr_rko | C3: open_dt | D3: date | E3: NULL | G3: No | H3: No | J3: Дата открытия | M3: =IF(K3 = "", "", IF(ISNA(VLOOKUP(K3,$A$3:$D$56,4,FALSE)), "Данное поле не внесено в S2T", IF(VLOOKUP(K3,$A$3:$D$56,4,FALSE) = L3, "ОК", "Ошибка. Тип данных в S2T: " & VLOOKUP(K3,$A$3:$D$56,4,FALSE)) ) )
A4: =target_columns[[#This Row],[Column Table Name]]&target_columns[[#This Row],[ColumnName]] -> t_agr_rkoclose_dt | B4: t_agr_rko | C4: close_dt | D4: date | E4: NULL | G4: No | H4: No | J4: Дата закрытия | M4: =IF(K4 = "", "", IF(ISNA(VLOOKUP(K4,$A$3:$D$56,4,FALSE)), "Данное поле не внесено в S2T", IF(VLOOKUP(K4,$A$3:$D$56,4,FALSE) = L4, "ОК", "Ошибка. Тип данных в S2T: " & VLOOKUP(K4,$A$3:$D$56,4,FALSE)) ) )
A5: =target_columns[[#This Row],[Column Table Name]]&target_columns[[#This Row],[ColumnName]] -> t_agr_rkoagr_rko_num | B5: t_agr_rko | C5: agr_rko_num | D5: text | E5: NULL | G5: No | H5: No | J5: Номер договора | M5: =IF(K5 = "", "", IF(ISNA(VLOOKUP(K5,$A$3:$D$56,4,FALSE)), "Данное поле не внесено в S2T", IF(VLOOKUP(K5,$A$3:$D$56,4,FALSE) = L5, "ОК", "Ошибка. Тип данных в S2T: " & VLOOKUP(K5,$A$3:$D$56,4,FALSE)) ) )
A6: =target_columns[[#This Row],[Column Table Name]]&target_columns[[#This Row],[ColumnName]] -> t_agr_rkohost_agr_rko_id | B6: t_agr_rko | C6: host_agr_rko_id | D6: bigint | E6: NULL | G6: No | H6: No | J6: Уникальный идентификатор договора в системе-источнике | M6: =IF(K6 = "", "", IF(ISNA(VLOOKUP(K6,$A$3:$D$56,4,FALSE)), "Данное поле не внесено в S2T", IF(VLOOKUP(K6,$A$3:$D$56,4,FALSE) = L6, "ОК", "Ошибка. Тип данных в S2T: " & VLOOKUP(K6,$A$3:$D$56,4,FALSE)) ) )
A7: =B7&C7 -> t_agr_rkocrncy_id | B7: t_agr_rko | C7: crncy_id | D7: uuid | E7: NULL | G7: No | H7: Yes | J7: Валюта договора
A8: =target_columns[[#This Row],[Column Table Name]]&target_columns[[#This Row],[ColumnName]] -> t_agr_rkorko_purpose_type_id | B8: t_agr_rko | C8: rko_purpose_type_id | D8: uuid | E8: NULL | G8: No | H8: Yes | J8: Целевое назначение договора (счета) | M8: =IF(K8 = "", "", IF(ISNA(VLOOKUP(K8,$A$3:$D$56,4,FALSE)), "Данное поле не внесено в S2T", IF(VLOOKUP(K8,$A$3:$D$56,4,FALSE) = L8, "ОК", "Ошибка. Тип данных в S2T: " & VLOOKUP(K8,$A$3:$D$56,4,FALSE)) ) )
A9: =target_columns[[#This Row],[Column Table Name]]&target_columns[[#This Row],[ColumnName]] -> t_agr_rkoagr_rko_id | B9: t_agr_rko | C9: agr_rko_id | D9: uuid | E9: NOT NULL | G9: Yes | H9: No | J9: Уникальный идентификатор договора | M9: =IF(K9 = "", "", IF(ISNA(VLOOKUP(K9,$A$3:$D$56,4,FALSE)), "Данное поле не внесено в S2T", IF(VLOOKUP(K9,$A$3:$D$56,4,FALSE) = L9, "ОК", "Ошибка. Тип данных в S2T: " & VLOOKUP(K9,$A$3:$D$56,4,FALSE)) ) )
A10: =target_columns[[#This Row],[Column Table Name]]&target_columns[[#This Row],[ColumnName]] -> t_agr_rko_custagr_rko_id | B10: t_agr_rko_cust | C10: agr_rko_id | D10: uuid | E10: NOT NULL | G10: Yes | H10: Yes | J10: Уникальный идентификатор договора | M10: =IF(K10 = "", "", IF(ISNA(VLOOKUP(K10,$A$3:$D$56,4,FALSE)), "Данное поле не внесено в S2T", IF(VLOOKUP(K10,$A$3:$D$56,4,FALSE) = L10, "ОК", "Ошибка. Тип данных в S2T: " & VLOOKUP(K10,$A$3:$D$56,4,FALSE)) ) )
A11: =target_columns[[#This Row],[Column Table Name]]&target_columns[[#This Row],[ColumnName]] -> t_agr_rko_custstart_dt | B11: t_agr_rko_cust | C11: start_dt | D11: date | E11: NULL | G11: Yes | H11: No | J11: Дата начала действия связи | M11: =IF(K11 = "", "", IF(ISNA(VLOOKUP(K11,$A$3:$D$56,4,FALSE)), "Данное поле не внесено в S2T", IF(VLOOKUP(K11,$A$3:$D$56,4,FALSE) = L11, "ОК", "Ошибка. Тип данных в S2T: " & VLOOKUP(K11,$A$3:$D$56,4,FALSE)) ) )
A12: =target_columns[[#This Row],[Column Table Name]]&target_columns[[#This Row],[ColumnName]] -> t_agr_rko_custend_dt | B12: t_agr_rko_cust | C12: end_dt | D12: date | E12: NULL | G12: No | H12: No | J12: Дата окончания действия связи | M12: =IF(K12 = "", "", IF(ISNA(VLOOKUP(K12,$A$3:$D$56,4,FALSE)), "Данное поле не внесено в S2T", IF(VLOOKUP(K12,$A$3:$D$56,4,FALSE) = L12, "ОК", "Ошибка. Тип данных в S2T: " & VLOOKUP(K12,$A$3:$D$56,4,FALSE)) ) )
A13: =target_columns[[#This Row],[Column Table Name]]&target_columns[[#This Row],[ColumnName]] -> t_agr_rko_custcust_id | B13: t_agr_rko_cust | C13: cust_id | D13: uuid | E13: NULL | G13: No | H13: Yes | J13: Клиент по договору | M13: =IF(K13 = "", "", IF(ISNA(VLOOKUP(K13,$A$3:$D$56,4,FALSE)), "Данное поле не внесено в S2T", IF(VLOOKUP(K13,$A$3:$D$56,4,FALSE) = L13, "ОК", "Ошибка. Тип данных в S2T: " & VLOOKUP(K13,$A$3:$D$56,4,FALSE)) ) )
A14: =target_columns[[#This Row],[Column Table Name]]&target_columns[[#This Row],[ColumnName]] -> t_agr_rko_int_orgagr_rko_id | B14: t_agr_rko_int_org | C14: agr_rko_id | D14: uuid | E14: NOT NULL | G14: Yes | H14: Yes | J14: Уникальный идентификатор договора | M14: =IF(K14 = "", "", IF(ISNA(VLOOKUP(K14,$A$3:$D$56,4,FALSE)), "Данное поле не внесено в S2T", IF(VLOOKUP(K14,$A$3:$D$56,4,FALSE) = L14, "ОК", "Ошибка. Тип данных в S2T: " & VLOOKUP(K14,$A$3:$D$56,4,FALSE)) ) )
A15: =target_columns[[#This Row],[Column Table Name]]&target_columns[[#This Row],[ColumnName]] -> t_agr_rko_int_orgstart_dt | B15: t_agr_rko_int_org | C15: start_dt | D15: date | E15: NULL | G15: Yes | H15: No | J15: Дата начала действия связи | M15: =IF(K15 = "", "", IF(ISNA(VLOOKUP(K15,$A$3:$D$56,4,FALSE)), "Данное поле не внесено в S2T", IF(VLOOKUP(K15,$A$3:$D$56,4,FALSE) = L15, "ОК", "Ошибка. Тип данных в S2T: " & VLOOKUP(K15,$A$3:$D$56,4,FALSE)) ) )
A16: =target_columns[[#This Row],[Column Table Name]]&target_columns[[#This Row],[ColumnName]] -> t_agr_rko_int_orgend_dt | B16: t_agr_rko_int_org | C16: end_dt | D16: date | E16: NULL | G16: No | H16: No | J16: Дата окончания действия связи | M16: =IF(K16 = "", "", IF(ISNA(VLOOKUP(K16,$A$3:$D$56,4,FALSE)), "Данное поле не внесено в S2T", IF(VLOOKUP(K16,$A$3:$D$56,4,FALSE) = L16, "ОК", "Ошибка. Тип данных в S2T: " & VLOOKUP(K16,$A$3:$D$56,4,FALSE)) ) )
A17: =target_columns[[#This Row],[Column Table Name]]&target_columns[[#This Row],[ColumnName]] -> t_agr_rko_int_orgint_org_id | B17: t_agr_rko_int_org | C17: int_org_id | D17: uuid | E17: NULL | G17: No | H17: Yes | J17: Подразделение сопровождения договора | M17: =IF(K17 = "", "", IF(ISNA(VLOOKUP(K17,$A$3:$D$56,4,FALSE)), "Данное поле не внесено в S2T", IF(VLOOKUP(K17,$A$3:$D$56,4,FALSE) = L17, "ОК", "Ошибка. Тип данных в S2T: " & VLOOKUP(K17,$A$3:$D$56,4,FALSE)) ) )
A18: =target_columns[[#This Row],[Column Table Name]]&target_columns[[#This Row],[ColumnName]] -> t_agr_rko_sttsagr_rko_id | B18: t_agr_rko_stts | C18: agr_rko_id | D18: uuid | E18: NOT NULL | G18: Yes | H18: Yes | J18: Уникальный идентификатор договора | M18: =IF(K18 = "", "", IF(ISNA(VLOOKUP(K18,$A$3:$D$56,4,FALSE)), "Данное поле не внесено в S2T", IF(VLOOKUP(K18,$A$3:$D$56,4,FALSE) = L18, "ОК", "Ошибка. Тип данных в S2T: " & VLOOKUP(K18,$A$3:$D$56,4,FALSE)) ) )
A19: =target_columns[[#This Row],[Column Table Name]]&target_columns[[#This Row],[ColumnName]] -> t_agr_rko_sttsstart_dt | B19: t_agr_rko_stts | C19: start_dt | D19: date | E19: NULL | G19: Yes | H19: No | J19: Дата начала действия связи | M19: =IF(K19 = "", "", IF(ISNA(VLOOKUP(K19,$A$3:$D$56,4,FALSE)), "Данное поле не внесено в S2T", IF(VLOOKUP(K19,$A$3:$D$56,4,FALSE) = L19, "ОК", "Ошибка. Тип данных в S2T: " & VLOOKUP(K19,$A$3:$D$56,4,FALSE)) ) )
... A22: =target_columns[[#This Row],[Column Table Name]]&target_columns[[#This Row],[ColumnName]] -> t_registryregistry_id | B22: t_registry | C22: registry_id | D22: uuid | E22: NOT NULL | G22: Yes | H22: No | J22: Уникальный идентификатор регистра | M22: =IF(K22 = "", "", IF(ISNA(VLOOKUP(K22,$A$3:$D$56,4,FALSE)), "Данное поле не внесено в S2T", IF(VLOOKUP(K22,$A$3:$D$56,4,FALSE) = L22, "ОК", "Ошибка. Тип данных в S2T: " & VLOOKUP(K22,$A$3:$D$56,4,FALSE)) ) )
A23: =B23&C23 -> t_registrystart_dt | B23: t_registry | C23: start_dt | D23: date | E23: NULL | G23: No | H23: No | J23: Дата опердня, в которую был открыт регистр
A24: =B24&C24 -> t_registryend_dt | B24: t_registry | C24: end_dt | D24: date | E24: NULL | G24: No | H24: No | J24: Дата опердня, в которую был закрыт регистр
A25: =B25&C25 -> t_registrycoa_num | B25: t_registry | C25: coa_num | D25: text | E25: NULL | G25: No | H25: No | J25: Лицевой счет
A26: =B26&C26 -> t_registrycrncy_id | B26: t_registry | C26: crncy_id | D26: uuid | E26: NULL | G26: No | H26: No | J26: Уникальный идентификатор валюты
A27: =target_columns[[#This Row],[Column Table Name]]&target_columns[[#This Row],[ColumnName]] -> t_registryagr_id | B27: t_registry | C27: agr_id | D27: uuid | E27: NULL | G27: No | H27: Yes | J27: Договор | M27: =IF(K27 = "", "", IF(ISNA(VLOOKUP(K27,$A$3:$D$56,4,FALSE)), "Данное поле не внесено в S2T", IF(VLOOKUP(K27,$A$3:$D$56,4,FALSE) = L27, "ОК", "Ошибка. Тип данных в S2T: " & VLOOKUP(K27,$A$3:$D$56,4,FALSE)) ) )
A28: =target_columns[[#This Row],[Column Table Name]]&target_columns[[#This Row],[ColumnName]] -> t_registryregistry_type_id | B28: t_registry | C28: registry_type_id | D28: uuid | E28: NULL | G28: No | H28: Yes | J28: Тип регистра | M28: =IF(K28 = "", "", IF(ISNA(VLOOKUP(K28,$A$3:$D$56,4,FALSE)), "Данное поле не внесено в S2T", IF(VLOOKUP(K28,$A$3:$D$56,4,FALSE) = L28, "ОК", "Ошибка. Тип данных в S2T: " & VLOOKUP(K28,$A$3:$D$56,4,FALSE)) ) )
A29: =target_columns[[#This Row],[Column Table Name]]&target_columns[[#This Row],[ColumnName]] -> t_registryhost_registry_id | B29: t_registry | C29: host_registry_id | D29: bigint | E29: NULL | G29: No | H29: No | J29: Уникальный идентификатор регистра в источнике | M29: =IF(K29 = "", "", IF(ISNA(VLOOKUP(K29,$A$3:$D$56,4,FALSE)), "Данное поле не внесено в S2T", IF(VLOOKUP(K29,$A$3:$D$56,4,FALSE) = L29, "ОК", "Ошибка. Тип данных в S2T: " & VLOOKUP(K29,$A$3:$D$56,4,FALSE)) ) )
A30: =target_columns[[#This Row],[Column Table Name]]&target_columns[[#This Row],[ColumnName]] -> t_crncycrncy_id | B30: t_crncy | C30: crncy_id | D30: uuid | E30: NOT NULL | G30: Yes | H30: No | J30: Уникальный идентификатор валюты | M30: =IF(K30 = "", "", IF(ISNA(VLOOKUP(K30,$A$3:$D$56,4,FALSE)), "Данное поле не внесено в S2T", IF(VLOOKUP(K30,$A$3:$D$56,4,FALSE) = L30, "ОК", "Ошибка. Тип данных в S2T: " & VLOOKUP(K30,$A$3:$D$56,4,FALSE)) ) )
A31: =target_columns[[#This Row],[Column Table Name]]&target_columns[[#This Row],[ColumnName]] -> t_crncycrncy_cd | B31: t_crncy | C31: crncy_cd | D31: text | E31: NULL | G31: No | H31: No | J31: Цифровой код валюты | M31: =IF(K31 = "", "", IF(ISNA(VLOOKUP(K31,$A$3:$D$56,4,FALSE)), "Данное поле не внесено в S2T", IF(VLOOKUP(K31,$A$3:$D$56,4,FALSE) = L31, "ОК", "Ошибка. Тип данных в S2T: " & VLOOKUP(K31,$A$3:$D$56,4,FALSE)) ) )
A32: =target_columns[[#This Row],[Column Table Name]]&target_columns[[#This Row],[ColumnName]] -> t_crncycrncy_iso_cd | B32: t_crncy | C32: crncy_iso_cd | D32: text | E32: NULL | G32: No | H32: No | J32: ISO код валюты | M32: =IF(K32 = "", "", IF(ISNA(VLOOKUP(K32,$A$3:$D$56,4,FALSE)), "Данное поле не внесено в S2T", IF(VLOOKUP(K32,$A$3:$D$56,4,FALSE) = L32, "ОК", "Ошибка. Тип данных в S2T: " & VLOOKUP(K32,$A$3:$D$56,4,FALSE)) ) )
A33: =target_columns[[#This Row],[Column Table Name]]&target_columns[[#This Row],[ColumnName]] -> t_crncycrncy_name | B33: t_crncy | C33: crncy_name | D33: text | E33: NULL | G33: No | H33: No | J33: Наименование валюты | M33: =IF(K33 = "", "", IF(ISNA(VLOOKUP(K33,$A$3:$D$56,4,FALSE)), "Данное поле не внесено в S2T", IF(VLOOKUP(K33,$A$3:$D$56,4,FALSE) = L33, "ОК", "Ошибка. Тип данных в S2T: " & VLOOKUP(K33,$A$3:$D$56,4,FALSE)) ) )
A34: =target_columns[[#This Row],[Column Table Name]]&target_columns[[#This Row],[ColumnName]] -> t_registry_typeregistry_type_id | B34: t_registry_type | C34: registry_type_id | D34: uuid | E34: NOT NULL | G34: Yes | H34: No | J34: Уникальный идентификатор типа регистра | M34: =IF(K34 = "", "", IF(ISNA(VLOOKUP(K34,$A$3:$D$56,4,FALSE)), "Данное поле не внесено в S2T", IF(VLOOKUP(K34,$A$3:$D$56,4,FALSE) = L34, "ОК", "Ошибка. Тип данных в S2T: " & VLOOKUP(K34,$A$3:$D$56,4,FALSE)) ) )
A35: =B35&C35 -> t_registry_typeregistry_type_name | B35: t_registry_type | C35: registry_type_name | D35: text | E35: NULL | G35: No | H35: No | J35: Наименование типа регистра
A36: =target_columns[[#This Row],[Column Table Name]]&target_columns[[#This Row],[ColumnName]] -> t_registry_typeregistry_type_cd | B36: t_registry_type | C36: registry_type_cd | D36: text | E36: NULL | G36: No | H36: No | J36: Код регистра | M36: =IF(K36 = "", "", IF(ISNA(VLOOKUP(K36,$A$3:$D$56,4,FALSE)), "Данное поле не внесено в S2T", IF(VLOOKUP(K36,$A$3:$D$56,4,FALSE) = L36, "ОК", "Ошибка. Тип данных в S2T: " & VLOOKUP(K36,$A$3:$D$56,4,FALSE)) ) )
A37: =target_columns[[#This Row],[Column Table Name]]&target_columns[[#This Row],[ColumnName]] -> t_int_orgint_org_id | B37: t_int_org | C37: int_org_id | D37: uuid | E37: NOT NULL | G37: Yes | H37: No | J37: идентификатор подразделения | M37: =IF(K37 = "", "", IF(ISNA(VLOOKUP(K37,$A$3:$D$56,4,FALSE)), "Данное поле не внесено в S2T", IF(VLOOKUP(K37,$A$3:$D$56,4,FALSE) = L37, "ОК", "Ошибка. Тип данных в S2T: " & VLOOKUP(K37,$A$3:$D$56,4,FALSE)) ) )
A38: =target_columns[[#This Row],[Column Table Name]]&target_columns[[#This Row],[ColumnName]] -> t_int_orgint_org_num | B38: t_int_org | C38: int_org_num | D38: text | E38: NULL | G38: No | H38: No | J38: внутренний номер огранизации, такой как номер филиала или номер рабочей группы | M38: =IF(K38 = "", "", IF(ISNA(VLOOKUP(K38,$A$3:$D$56,4,FALSE)), "Данное поле не внесено в S2T", IF(VLOOKUP(K38,$A$3:$D$56,4,FALSE) = L38, "ОК", "Ошибка. Тип данных в S2T: " & VLOOKUP(K38,$A$3:$D$56,4,FALSE)) ) )
A39: =target_columns[[#This Row],[Column Table Name]]&target_columns[[#This Row],[ColumnName]] -> T_REGISTRY_STTSREGISTRY_ID | B39: T_REGISTRY_STTS | C39: REGISTRY_ID | D39: UUID | E39: NOT NULL | G39: Yes | H39: Yes | J39: Идентификатор продуктового регистра
A40: =target_columns[[#This Row],[Column Table Name]]&target_columns[[#This Row],[ColumnName]] -> T_REGISTRY_STTSSTART_DT | B40: T_REGISTRY_STTS | C40: START_DT | D40: DATE | E40: NULL | G40: Yes | H40: No | J40: Дата начала действия статуса регистра
A41: =target_columns[[#This Row],[Column Table Name]]&target_columns[[#This Row],[ColumnName]] -> T_REGISTRY_STTSEND_DT | B41: T_REGISTRY_STTS | C41: END_DT | D41: DATE | E41: NULL | G41: No | H41: No | J41: Дата окончания действия статуса регистра
A42: =target_columns[[#This Row],[Column Table Name]]&target_columns[[#This Row],[ColumnName]] -> T_REGISTRY_STTSREGISTRY_STTS_TYPE_ID | B42: T_REGISTRY_STTS | C42: REGISTRY_STTS_TYPE_ID | D42: UUID | E42: NULL | G42: No | H42: Yes | J42: Идентификатор типа статуса регистра
A43: =target_columns[[#This Row],[Column Table Name]]&target_columns[[#This Row],[ColumnName]] -> t_applappl_id | B43: t_appl | C43: appl_id | D43: uuid | E43: NOT NULL | G43: Yes | H43: No | J43: Идентификатор заявки
A44: =target_columns[[#This Row],[Column Table Name]]&target_columns[[#This Row],[ColumnName]] -> t_applappl_type_id | B44: t_appl | C44: appl_type_id | D44: uuid | E44: NULL | G44: No | H44: Yes | J44: Тип заявки
A45: =target_columns[[#This Row],[Column Table Name]]&target_columns[[#This Row],[ColumnName]] -> t_applsrc_system_type_id | B45: t_appl | C45: src_system_type_id | D45: uuid | E45: NULL | G45: No | H45: Yes | J45: Система-источник заявки
A46: =target_columns[[#This Row],[Column Table Name]]&target_columns[[#This Row],[ColumnName]] -> t_applagr_dbo_num | B46: t_appl | C46: agr_dbo_num | D46: text | E46: NULL | G46: No | H46: No | J46: Номер договора ДБО
A47: =target_columns[[#This Row],[Column Table Name]]&target_columns[[#This Row],[ColumnName]] -> t_applopen_int_org_id | B47: t_appl | C47: open_int_org_id | D47: uuid | E47: NULL | G47: No | H47: Yes | J47: Подразделение оформления заявки
A48: =target_columns[[#This Row],[Column Table Name]]&target_columns[[#This Row],[ColumnName]] -> t_applchnl_type_id | B48: t_appl | C48: chnl_type_id | D48: uuid | E48: NULL | G48: No | H48: Yes | J48: Канал поступления заявки
A49: =target_columns[[#This Row],[Column Table Name]]&target_columns[[#This Row],[ColumnName]] -> t_applerror_txt | B49: t_appl | C49: error_txt | D49: text | E49: NULL | G49: No | H49: No | J49: Текст ошибки
A50: =target_columns[[#This Row],[Column Table Name]]&target_columns[[#This Row],[ColumnName]] -> t_applagr_id | B50: t_appl | C50: agr_id | D50: uuid | E50: NULL | G50: No | H50: Yes | J50: Договор, открытый по заявке
... A93: =target_columns[[#This Row],[Column Table Name]]&target_columns[[#This Row],[ColumnName]] -> t_agr_rko_limit_typeagr_rko_limit_type_name | B93: t_agr_rko_limit_type | C93: agr_rko_limit_type_name | D93: text | E93: NULL | G93: No | H93: No | J93: Наименование типа ограничения
A94: =B94&C94 -> t_agr_rko_limit_sttsagr_rko_limit_id | B94: t_agr_rko_limit_stts | C94: agr_rko_limit_id | D94: uuid | E94: NOT NULL | G94: Yes | H94: No | J94: Уникальный идентификатор ограничения
A95: =B95&C95 -> t_agr_rko_limit_sttsagr_rko_limit_stts_type_id | B95: t_agr_rko_limit_stts | C95: agr_rko_limit_stts_type_id | D95: uuid | E95: NULL | G95: No | H95: Yes | J95: Статус ограничения
A96: =B96&C96 -> t_agr_rko_limit_sttsstart_dt | B96: t_agr_rko_limit_stts | C96: start_dt | D96: date | E96: NULL | G96: No | H96: No | J96: Дата начала статус
A97: =B97&C97 -> t_agr_rko_limit_sttsend_dt | B97: t_agr_rko_limit_stts | C97: end_dt | D97: date | E97: NULL | G97: No | H97: No | J97: Дата окончания статуса
A98: =B98&C98 -> t_agr_rko_idfnagr_rko_id | B98: t_agr_rko_idfn | C98: agr_rko_id | D98: UUID | E98: NOT NULL | G98: Yes | H98: Yes | J98: Идентификатор договора
A99: =B99&C99 -> t_agr_rko_idfnrko_purpose_type_id | B99: t_agr_rko_idfn | C99: rko_purpose_type_id | D99: UUID | E99: NULL | G99: No | H99: Yes | J99: Идентификатор назначения договора
A100: =B100&C100 -> t_agr_rko_idfnstart_dt | B100: t_agr_rko_idfn | C100: start_dt | D100: DATE | E100: NOT NULL | G100: Yes | H100: No | J100: Дата начала действия
A101: =B101&C101 -> t_agr_rko_idfnend_dt | B101: t_agr_rko_idfn | C101: end_dt | D101: DATE | E101: NULL | G101: No | H101: No | J101: Дата окончания действия
A102: =B102&C102
A103: =B103&C103
A104: =B104&C104
A105: =B105&C105
A106: =B106&C106
A107: =B107&C107
A108: =B108&C108
A109: =B109&C109
A110: =B110&C110
A111: =B111&C111
A112: =B112&C112
A113: =B113&C113
... A249: =B249&C249

Sheet PXF->A
A1: Название материализованной A-таблицы кластер «ПРОМ SDP sklsdppprb» | B1: Название внешней A-таблицы | C1: Название таблицы реплики | D1: СОД
A2: a_000041_register | B2: a_000041_register_diff_ext | C2: platform_rko_delta.ru_sber_rkoul_model_jpa_Register_delta | D2: Снимок-снимок
B3: a_000041_register_snp_ext | C3: platform_rko.ru_sber_rkoul_model_jpa_Register
A4: a_000041_createrkoext | B4: a_000041_createrkoext_diff_ext | C4: platform_rko_delta.ru_sber_rkoul_model_jpa_CreateRkoExt_delta | D4: Снимок-снимок
B5: a_000041_createrkoext_snp_ext | C5: platform_rko.ru_sber_rkoul_model_jpa_CreateRkoExt
A6: a_000041_party | B6: a_000041_party_diff_ext | C6: platform_rko_delta.ru_sber_rkoul_model_jpa_party_delta | D6: Снимок-снимок
B7: a_000041_party_snp_ext | C7: platform_rko.ru_sber_rkoul_model_jpa_party
A8: a_000041_product | B8: a_000041_product_diff_ext | C8: platform_rko_delta.ru_sber_rkoul_model_jpa_Product_delta | D8: Снимок-снимок
B9: a_000041_product_snp_ext | C9: platform_rko.ru_sber_rkoul_model_jpa_Product
A10: a_000041_productstatus | B10: a_000041_productstatus_diff_ext | C10: platform_rko_delta.ru_sber_rkoul_model_jpa_ProductStatus_delta | D10: Снимок-снимок
B11: a_000041_productstatus_snp_ext | C11: platform_rko.ru_sber_rkoul_model_jpa_ProductStatus
A12: a_000041_RestrictionProduct | B12: a_000041_RestrictionProduct_diff_ext | C12: platform_rko_delta.ru_sber_rkoul_model_jpa_RestrictionProduct_delta | D12: Снимок-снимок
B13: a_000041_RestrictionProduct_snp_ext | C13: platform_rko.ru_sber_rkoul_model_jpa_RestrictionProduct
A14: a_000041_registertype | B14: a_000041_registertype_diff_ext | C14: platform_rko_delta.ru_sber_rkoul_model_jpa_RegisterType_delta | D14: Снимок-снимок
B15: a_000041_registertype_snp_ext | C15: platform_rko.ru_sber_rkoul_model_jpa_RegisterType
A16: a_000041_currency | B16: a_000041_currency_diff_ext | C16: platform_rko_delta.ru_sber_rkoul_model_jpa_Currency_delta | D16: Снимок-снимок
B17: a_000041_currency_snp_ext | C17: platform_rko.ru_sber_rkoul_model_jpa_Currency
A18: a_000041_createrkoextresult | B18: a_000041_createrkoextresult_diff_ext | C18: platform_rko_delta.ru_sber_rkoul_model_jpa_CreateRkoExtResult_delta | D18: Снимок-снимок
B19: a_000041_createrkoextresult_snp_ext | C19: platform_rko.ru_sber_rkoul_model_jpa_CreateRkoExtResult
A20: a_000041_RestrictionProductType | B20: a_000041_RestrictionProductType_diff_ext | C20: platform_rko_delta.ru_sber_rkoul_model_jpa_RestrictionProductType_delta | D20: Снимок-снимок
B21: a_000041_RestrictionProductType_snp_ext | C21: platform_rko.ru_sber_rkoul_model_jpa_RestrictionProductType
A22: a_000041_ProductTarget | B22: a_000041_ProductTarget_diff_ext | C22: platform_rko_delta.ru_sber_rkoul_model_jpa_ProductTarget_delta | D22: Снимок-снимок
B23: a_000041_ProductTarget_snp_ext | C23: platform_rko.ru_sber_rkoul_model_jpa_ProductTarget
A24: a_000041_RegisterStatus | B24: a_000041_RegisterStatus_diff_ext | C24: platform_rko_delta.ru_sber_rkoul_model_jpa_RegisterStatus_delta | D24: Снимок-снимок
B25: a_000041_RegisterStatus_snp_ext | C25: platform_rko.ru_sber_rkoul_model_jpa_RegisterStatus
A26: a_000041_Status | B26: a_000041_Status_diff_ext | C26: platform_rko_delta.ru_sber_rkoul_model_jpa_Status_delta | D26: Снимок-снимок
B27: a_000041_Status_snp_ext | C27: platform_rko.ru_sber_rkoul_model_jpa_Status
A28: a_000041_optionalparam | B28: a_000041_optionalparam_diff_ext | C28: platform_rko_delta.ru_sber_rkoul_model_jpa_optionalparam_delta | D28: Снимок-снимок
B29: a_000041_optionalparam_snp_ext | C29: platform_rko.ru_sber_rkoul_model_jpa_optionalparam
A30: a_000041_MigrateEntityMapProduct | B30: a_000041_MigrateEntityMapProduct_diff_ext | C30: platform_rko_delta.MigrateEntityMapProduct_delta | D30: Снимок-снимок
B31: a_000041_MigrateEntityMapProduct_snp_ext | C31: platform_rko.ru_sber_rkoul_model_jpa_MigrateEntityMapProduct
A32: a_000041_depart | B32: a_000041_depart_diff_ext | C32: platform_rko_delta.ru_sber_rkoul_model_jpa_depart_delta | D32: Снимок-снимок
B33: a_000041_depart_snp_ext | C33: platform_rko.ru_sber_rkoul_model_jpa_depart

Sheet А-слой->В-слой
A1: Название объектов STAGE
A2: А-слой | B2: В-слой | C2: СОД
A3: ='PXF->A'!A2 -> a_000041_register | B3: =source_columns[[#This Row],[Название таблицы STAGE]] -> b3060000410001_register | C3: Снимок-снимок
A4: ='PXF->A'!A4 -> a_000041_createrkoext | B4: ='Source columns'!B17 -> b3060000410002_createrkoext | C4: Снимок-снимок
A5: ='PXF->A'!A6 -> a_000041_party | B5: ='Source columns'!B29 -> b3060000410003_party | C5: Снимок-снимок
A6: ='PXF->A'!A8 -> a_000041_product | B6: ='Source columns'!B34 -> b3060000410004_product | C6: Снимок-снимок
A7: ='PXF->A'!A10 -> a_000041_productstatus | B7: ='Source columns'!B50 -> b3060000410005_productstatus | C7: Снимок-снимок
A8: ='PXF->A'!A12 -> a_000041_RestrictionProduct | B8: ='Source columns'!B73 -> b3060000410009_RestrictionProduct | C8: Снимок-снимок
A9: ='PXF->A'!A14 -> a_000041_registertype | B9: ='Source columns'!B53 -> b3060000410006_registertype | C9: Снимок-снимок
A10: ='PXF->A'!A16 -> a_000041_currency | B10: ='Source columns'!B59 -> b3060000410007_currency | C10: Снимок-снимок
A11: ='PXF->A'!A18 -> a_000041_createrkoextresult | B11: ='Source columns'!B67 -> b3060000410008_createrkoextresult | C11: Снимок-снимок
A12: ='PXF->A'!A20 -> a_000041_RestrictionProductType | B12: ='Source columns'!B89 -> b3060000410010_RestrictionProductType | C12: Снимок-снимок
A13: ='PXF->A'!A22 -> a_000041_ProductTarget | B13: ='Source columns'!B96 -> b3060000410012_producttarget | C13: Снимок-снимок
A14: ='PXF->A'!A24 -> a_000041_RegisterStatus | B14: ='Source columns'!B92 -> b3060000410011_RegisterStatus | C14: Снимок-снимок
A15: ='PXF->A'!A26 -> a_000041_Status | B15: ='Source columns'!B100 -> b3060000410013_Status | C15: Снимок-снимок
A16: ='PXF->A'!A28 -> a_000041_optionalparam | B16: ='Source columns'!B108 -> b3060000410015_MigrateEntityMapProduct | C16: Снимок-снимок
A17: ='PXF->A'!A32 -> a_000041_depart | B17: ='Source columns'!B113 -> b3060000410016_depart | C17: Снимок-снимок

Sheet Additional objects
B1: При изменении S таблицы не удаляйте ее, БЕЗ сохранения бэкапа
A2: Название объекта | B2: Тип объекта | C2: SQL | D2: СОД | E2: Словесное описание | F2: Комментарий | G2: Дата
A3: s_createrkoextresult | B3: S Таблица | C3: Все поля из b3060000410008_createrkoextresult | D3: Снимок-Снимок с накоплением
A4: s_createrkoext | B4: S Таблица | C4: Все поля из b3060000410002_createrkoext | D4: Снимок-Снимок с накоплением
A5: s_party | B5: S Таблица | C5: Все поля из b3060000410003_party | D5: Снимок-Снимок с накоплением
A6: s_optionalparam | B6: S Таблица | C6: Все поля из b3060000410014_optionalParam | D6: Снимок-Снимок с накоплением
A7: s_MigrateEntityMapProduct | B7: S Таблица | C7: Все поля из b3060000410015_MigrateEntityMapProduct | D7: Снимок-Снимок с накоплением
A8: s_depart | B8: S Таблица | C8: Все поля из b3060000410016_depart | D8: Снимок-Снимок с накоплением

Sheet Глоссарий
A1: СОД | C1: Роль в истории | E1: Буль | G1: Valid from workaround | I1: First value | K1: Тип S2T
A2: Блок-снимок | C2: Ключ | E2: Да | G2: D first | I2: 1 | K2: DWH
A3: Блок-история | C3: Начало | E3: Нет | G3: D last | I3: n | K3: MART
A4: Снимок-снимок | C4: Конец | G4: off
A5: Снимок-история | C5: -
A6: История-история | C6: Бизнес начало
C7: Бизнес конец
